Serial No.,GRE Score,TOEFL Score,University Rating,SOP,LOR ,CGPA,Research,Chance of Admit ,GMAT Score
1,337.0,118.0,4,4.5,4.5,9.65,1,0.92,808
2,324.0,107.0,4,4.0,4.5,8.87,1,0.76,774
3,316.0,104.0,3,3.0,3.5,8.0,1,0.72,760
4,322.0,110.0,3,3.5,2.5,8.67,1,0.8,781
5,314.0,103.0,2,2.0,3.0,8.21,0,0.65,760
6,330.0,115.0,5,4.5,3.0,9.34,1,0.9,802
7,321.0,109.0,3,3.0,4.0,8.2,1,0.75,768
8,308.0,101.0,2,3.0,4.0,7.9,0,0.68,740
9,302.0,102.0,1,2.0,1.5,8.0,0,0.5,721
10,323.0,108.0,3,3.5,3.0,8.6,0,0.45,774
11,325.0,106.0,3,3.5,4.0,8.4,1,0.52,770
12,327.0,111.0,4,4.0,4.5,9.0,1,0.84,781
13,328.0,112.0,4,4.0,4.5,9.1,1,0.78,794
14,307.0,109.0,3,4.0,3.0,8.0,1,0.62,745
15,311.0,104.0,3,3.5,2.0,8.2,1,0.61,741
16,314.0,105.0,3,3.5,2.5,8.3,0,0.54,754
17,317.0,107.0,3,4.0,3.0,8.7,0,0.66,762
18,319.0,106.0,3,4.0,3.0,8.0,1,0.65,756
19,318.0,110.0,3,4.0,3.0,8.8,0,0.63,759
20,303.0,102.0,3,3.5,3.0,8.5,0,0.62,723
21,312.0,107.0,3,3.0,2.0,7.9,1,0.64,754
22,325.0,114.0,4,3.0,2.0,8.4,0,0.7,787
23,328.0,116.0,5,5.0,5.0,9.5,1,0.94,786
24,334.0,119.0,5,5.0,4.5,9.7,1,0.95,798
25,336.0,119.0,5,4.0,3.5,9.8,1,0.97,799
26,340.0,120.0,5,4.5,4.5,9.6,1,0.94,823
27,322.0,109.0,5,4.5,3.5,8.8,0,0.76,776
28,298.0,98.0,2,1.5,2.5,7.5,1,0.44,720
29,295.0,93.0,1,2.0,2.0,7.2,0,0.46,715
30,310.0,99.0,2,1.5,2.0,7.3,0,0.54,735
31,300.0,97.0,2,3.0,3.0,8.1,1,0.65,719
32,327.0,103.0,3,4.0,4.0,8.3,1,0.74,786
33,338.0,118.0,4,3.0,4.5,9.4,1,0.91,807
34,340.0,114.0,5,4.0,4.0,9.6,1,0.9,821
35,331.0,112.0,5,4.0,5.0,9.8,1,0.94,787
36,320.0,110.0,5,5.0,5.0,9.2,1,0.88,758
37,299.0,106.0,2,4.0,4.0,8.4,0,0.64,714
38,300.0,105.0,1,1.0,2.0,7.8,0,0.58,727
39,304.0,105.0,1,3.0,1.5,7.5,0,0.52,723
40,307.0,108.0,2,4.0,3.5,7.7,0,0.48,730
41,308.0,110.0,3,3.5,3.0,8.0,1,0.46,736
42,316.0,105.0,2,2.5,2.5,8.2,1,0.49,767
43,313.0,107.0,2,2.5,2.0,8.5,1,0.53,744
44,332.0,117.0,4,4.5,4.0,9.1,0,0.87,803
45,326.0,113.0,5,4.5,4.0,9.4,1,0.91,777
46,322.0,110.0,5,5.0,4.0,9.1,1,0.88,775
47,329.0,114.0,5,4.0,5.0,9.3,1,0.86,780
48,339.0,119.0,5,4.5,4.0,9.7,0,0.89,809
49,321.0,110.0,3,3.5,5.0,8.85,1,0.82,773
50,327.0,111.0,4,3.0,4.0,8.4,1,0.78,774
51,313.0,98.0,3,2.5,4.5,8.3,1,0.76,741
52,312.0,100.0,2,1.5,3.5,7.9,1,0.56,754
53,334.0,116.0,4,4.0,3.0,8.0,1,0.78,795
54,324.0,112.0,4,4.0,2.5,8.1,1,0.72,773
55,322.0,110.0,3,3.0,3.5,8.0,0,0.7,767
56,320.0,103.0,3,3.0,3.0,7.7,0,0.64,772
57,316.0,102.0,3,2.0,3.0,7.4,0,0.64,762
58,298.0,99.0,2,4.0,2.0,7.6,0,0.46,725
59,300.0,99.0,1,3.0,2.0,6.8,1,0.36,712
60,311.0,104.0,2,2.0,2.0,8.3,0,0.42,747
61,309.0,100.0,2,3.0,3.0,8.1,0,0.48,744
62,307.0,101.0,3,4.0,3.0,8.2,0,0.47,728
63,304.0,105.0,2,3.0,3.0,8.2,1,0.54,731
64,315.0,107.0,2,4.0,3.0,8.5,1,0.56,748
65,325.0,111.0,3,3.0,3.5,8.7,0,0.52,771
66,325.0,112.0,4,3.5,3.5,8.92,0,0.55,784
67,327.0,114.0,3,3.0,3.0,9.02,0,0.61,794
68,316.0,107.0,2,3.5,3.5,8.64,1,0.57,762
69,318.0,109.0,3,3.5,4.0,9.22,1,0.68,771
70,328.0,115.0,4,4.5,4.0,9.16,1,0.78,791
71,332.0,118.0,5,5.0,5.0,9.64,1,0.94,800
72,336.0,112.0,5,5.0,5.0,9.76,1,0.96,802
73,321.0,111.0,5,5.0,5.0,9.45,1,0.93,779
74,314.0,108.0,4,4.5,4.0,9.04,1,0.84,760
75,314.0,106.0,3,3.0,5.0,8.9,0,0.74,747
76,329.0,114.0,2,2.0,4.0,8.56,1,0.72,796
77,327.0,112.0,3,3.0,3.0,8.72,1,0.74,790
78,301.0,99.0,2,3.0,2.0,8.22,0,0.64,725
79,296.0,95.0,2,3.0,2.0,7.54,1,0.44,702
80,294.0,93.0,1,1.5,2.0,7.36,0,0.46,710
81,312.0,105.0,3,2.0,3.0,8.02,1,0.5,741
82,340.0,120.0,4,5.0,5.0,9.5,1,0.96,822
83,320.0,110.0,5,5.0,4.5,9.22,1,0.92,772
84,322.0,115.0,5,4.0,4.5,9.36,1,0.92,773
85,340.0,115.0,5,4.5,4.5,9.45,1,0.94,821
86,319.0,103.0,4,4.5,3.5,8.66,0,0.76,759
87,315.0,106.0,3,4.5,3.5,8.42,0,0.72,760
88,317.0,107.0,2,3.5,3.0,8.28,0,0.66,750
89,314.0,108.0,3,4.5,3.5,8.14,0,0.64,746
90,316.0,109.0,4,4.5,3.5,8.76,1,0.74,758
91,318.0,106.0,2,4.0,4.0,7.92,1,0.64,755
92,299.0,97.0,3,5.0,3.5,7.66,0,0.38,708
93,298.0,98.0,2,4.0,3.0,8.03,0,0.34,717
94,301.0,97.0,2,3.0,3.0,7.88,1,0.44,721
95,303.0,99.0,3,2.0,2.5,7.66,0,0.36,734
96,304.0,100.0,4,1.5,2.5,7.84,0,0.42,738
97,306.0,100.0,2,3.0,3.0,8.0,0,0.48,725
98,331.0,120.0,3,4.0,4.0,8.96,1,0.86,804
99,332.0,119.0,4,5.0,4.5,9.24,1,0.9,796
100,323.0,113.0,3,4.0,4.0,8.88,1,0.79,777
101,322.0,107.0,3,3.5,3.5,8.46,1,0.71,770
102,312.0,105.0,2,2.5,3.0,8.12,0,0.64,749
103,314.0,106.0,2,4.0,3.5,8.25,0,0.62,745
104,317.0,104.0,2,4.5,4.0,8.47,0,0.57,753
105,326.0,112.0,3,3.5,3.0,9.05,1,0.74,784
106,316.0,110.0,3,4.0,4.5,8.78,1,0.69,756
107,329.0,111.0,4,4.5,4.5,9.18,1,0.87,795
108,338.0,117.0,4,3.5,4.5,9.46,1,0.91,812
109,331.0,116.0,5,5.0,5.0,9.38,1,0.93,801
110,304.0,103.0,5,5.0,4.0,8.64,0,0.68,723
111,305.0,108.0,5,3.0,3.0,8.48,0,0.61,734
112,321.0,109.0,4,4.0,4.0,8.68,1,0.69,767
113,301.0,107.0,3,3.5,3.5,8.34,1,0.62,717
114,320.0,110.0,2,4.0,3.5,8.56,0,0.72,766
115,311.0,105.0,3,3.5,3.0,8.45,1,0.59,744
116,310.0,106.0,4,4.5,4.5,9.04,1,0.66,746
117,299.0,102.0,3,4.0,3.5,8.62,0,0.56,715
118,290.0,104.0,4,2.0,2.5,7.46,0,0.45,693
119,296.0,99.0,2,3.0,3.5,7.28,0,0.47,701
120,327.0,104.0,5,3.0,3.5,8.84,1,0.71,789
121,335.0,117.0,5,5.0,5.0,9.56,1,0.94,796
122,334.0,119.0,5,4.5,4.5,9.48,1,0.94,810
123,310.0,106.0,4,1.5,2.5,8.36,0,0.57,734
124,308.0,108.0,3,3.5,3.5,8.22,0,0.61,734
125,301.0,106.0,4,2.5,3.0,8.47,0,0.57,718
126,300.0,100.0,3,2.0,3.0,8.66,1,0.64,730
127,323.0,113.0,3,4.0,3.0,9.32,1,0.85,778
128,319.0,112.0,3,2.5,2.0,8.71,1,0.78,758
129,326.0,112.0,3,3.5,3.0,9.1,1,0.84,786
130,333.0,118.0,5,5.0,5.0,9.35,1,0.92,807
131,339.0,114.0,5,4.0,4.5,9.76,1,0.96,809
132,303.0,105.0,5,5.0,4.5,8.65,0,0.77,726
133,309.0,105.0,5,3.5,3.5,8.56,0,0.71,750
134,323.0,112.0,5,4.0,4.5,8.78,0,0.79,782
135,333.0,113.0,5,4.0,4.0,9.28,1,0.89,798
136,314.0,109.0,4,3.5,4.0,8.77,1,0.82,755
137,312.0,103.0,3,5.0,4.0,8.45,0,0.76,757
138,316.0,100.0,2,1.5,3.0,8.16,1,0.71,757
139,326.0,116.0,2,4.5,3.0,9.08,1,0.8,772
140,318.0,109.0,1,3.5,3.5,9.12,0,0.78,761
141,329.0,110.0,2,4.0,3.0,9.15,1,0.84,793
142,332.0,118.0,2,4.5,3.5,9.36,1,0.9,797
143,331.0,115.0,5,4.0,3.5,9.44,1,0.92,796
144,340.0,120.0,4,4.5,4.0,9.92,1,0.97,817
145,325.0,112.0,2,3.0,3.5,8.96,1,0.8,774
146,320.0,113.0,2,2.0,2.5,8.64,1,0.81,770
147,315.0,105.0,3,2.0,2.5,8.48,0,0.75,766
148,326.0,114.0,3,3.0,3.0,9.11,1,0.83,783
149,339.0,116.0,4,4.0,3.5,9.8,1,0.96,810
150,311.0,106.0,2,3.5,3.0,8.26,1,0.79,756
151,334.0,114.0,4,4.0,4.0,9.43,1,0.93,794
152,332.0,116.0,5,5.0,5.0,9.28,1,0.94,787
153,321.0,112.0,5,5.0,5.0,9.06,1,0.86,760
154,324.0,105.0,3,3.0,4.0,8.75,0,0.79,787
155,326.0,108.0,3,3.0,3.5,8.89,0,0.8,772
156,312.0,109.0,3,3.0,3.0,8.69,0,0.77,743
157,315.0,105.0,3,2.0,2.5,8.34,0,0.7,759
158,309.0,104.0,2,2.0,2.5,8.26,0,0.65,749
159,306.0,106.0,2,2.0,2.5,8.14,0,0.61,729
160,297.0,100.0,1,1.5,2.0,7.9,0,0.52,714
161,315.0,103.0,1,1.5,2.0,7.86,0,0.57,746
162,298.0,99.0,1,1.5,3.0,7.46,0,0.53,706
163,318.0,109.0,3,3.0,3.0,8.5,0,0.67,757
164,317.0,105.0,3,3.5,3.0,8.56,0,0.68,764
165,329.0,111.0,4,4.5,4.0,9.01,1,0.81,789
166,322.0,110.0,5,4.5,4.0,8.97,0,0.78,765
167,302.0,102.0,3,3.5,5.0,8.33,0,0.65,718
168,313.0,102.0,3,2.0,3.0,8.27,0,0.64,757
169,293.0,97.0,2,2.0,4.0,7.8,1,0.64,697
170,311.0,99.0,2,2.5,3.0,7.98,0,0.65,750
171,312.0,101.0,2,2.5,3.5,8.04,1,0.68,741
172,334.0,117.0,5,4.0,4.5,9.07,1,0.89,799
173,322.0,110.0,4,4.0,5.0,9.13,1,0.86,773
174,323.0,113.0,4,4.0,4.5,9.23,1,0.89,774
175,321.0,111.0,4,4.0,4.0,8.97,1,0.87,780
176,320.0,111.0,4,4.5,3.5,8.87,1,0.85,775
177,329.0,119.0,4,4.5,4.5,9.16,1,0.9,795
178,319.0,110.0,3,3.5,3.5,9.04,0,0.82,758
179,309.0,108.0,3,2.5,3.0,8.12,0,0.72,745
180,307.0,102.0,3,3.0,3.0,8.27,0,0.73,727
181,300.0,104.0,3,3.5,3.0,8.16,0,0.71,712
182,305.0,107.0,2,2.5,2.5,8.42,0,0.71,731
183,299.0,100.0,2,3.0,3.5,7.88,0,0.68,724
184,314.0,110.0,3,4.0,4.0,8.8,0,0.75,746
185,316.0,106.0,2,2.5,4.0,8.32,0,0.72,757
186,327.0,113.0,4,4.5,4.5,9.11,1,0.89,774
187,317.0,107.0,3,3.5,3.0,8.68,1,0.84,754
188,335.0,118.0,5,4.5,3.5,9.44,1,0.93,799
189,331.0,115.0,5,4.5,3.5,9.36,1,0.93,799
190,324.0,112.0,5,5.0,5.0,9.08,1,0.88,771
191,324.0,111.0,5,4.5,4.0,9.16,1,0.9,781
192,323.0,110.0,5,4.0,5.0,8.98,1,0.87,775
193,322.0,114.0,5,4.5,4.0,8.94,1,0.86,773
194,336.0,118.0,5,4.5,5.0,9.53,1,0.94,808
195,316.0,109.0,3,3.5,3.0,8.76,0,0.77,750
196,307.0,107.0,2,3.0,3.5,8.52,1,0.78,742
197,306.0,105.0,2,3.0,2.5,8.26,0,0.73,725
198,310.0,106.0,2,3.5,2.5,8.33,0,0.73,754
199,311.0,104.0,3,4.5,4.5,8.43,0,0.7,743
200,313.0,107.0,3,4.0,4.5,8.69,0,0.72,749
201,317.0,103.0,3,2.5,3.0,8.54,1,0.73,756
202,315.0,110.0,2,3.5,3.0,8.46,1,0.72,749
203,340.0,120.0,5,4.5,4.5,9.91,1,0.97,823
204,334.0,120.0,5,4.0,5.0,9.87,1,0.97,804
205,298.0,105.0,3,3.5,4.0,8.54,0,0.69,712
206,295.0,99.0,2,2.5,3.0,7.65,0,0.57,708
207,315.0,99.0,2,3.5,3.0,7.89,0,0.63,759
208,310.0,102.0,3,3.5,4.0,8.02,1,0.66,749
209,305.0,106.0,2,3.0,3.0,8.16,0,0.64,726
210,301.0,104.0,3,3.5,4.0,8.12,1,0.68,731
211,325.0,108.0,4,4.5,4.0,9.06,1,0.79,772
212,328.0,110.0,4,5.0,4.0,9.14,1,0.82,788
213,338.0,120.0,4,5.0,5.0,9.66,1,0.95,816
214,333.0,119.0,5,5.0,4.5,9.78,1,0.96,809
215,331.0,117.0,4,4.5,5.0,9.42,1,0.94,791
216,330.0,116.0,5,5.0,4.5,9.36,1,0.93,792
217,322.0,112.0,4,4.5,4.5,9.26,1,0.91,782
218,321.0,109.0,4,4.0,4.0,9.13,1,0.85,771
219,324.0,110.0,4,3.0,3.5,8.97,1,0.84,786
220,312.0,104.0,3,3.5,3.5,8.42,0,0.74,750
221,313.0,103.0,3,4.0,4.0,8.75,0,0.76,742
222,316.0,110.0,3,3.5,4.0,8.56,0,0.75,768
223,324.0,113.0,4,4.5,4.0,8.79,0,0.76,774
224,308.0,109.0,2,3.0,4.0,8.45,0,0.71,732
225,305.0,105.0,2,3.0,2.0,8.23,0,0.67,742
226,296.0,99.0,2,2.5,2.5,8.03,0,0.61,711
227,306.0,110.0,2,3.5,4.0,8.45,0,0.63,731
228,312.0,110.0,2,3.5,3.0,8.53,0,0.64,756
229,318.0,112.0,3,4.0,3.5,8.67,0,0.71,766
230,324.0,111.0,4,3.0,3.0,9.01,1,0.82,777
231,313.0,104.0,3,4.0,4.5,8.65,0,0.73,751
232,319.0,106.0,3,3.5,2.5,8.33,1,0.74,762
233,312.0,107.0,2,2.5,3.5,8.27,0,0.69,746
234,304.0,100.0,2,2.5,3.5,8.07,0,0.64,723
235,330.0,113.0,5,5.0,4.0,9.31,1,0.91,791
236,326.0,111.0,5,4.5,4.0,9.23,1,0.88,786
237,325.0,112.0,4,4.0,4.5,9.17,1,0.85,776
238,329.0,114.0,5,4.5,5.0,9.19,1,0.86,798
239,310.0,104.0,3,2.0,3.5,8.37,0,0.7,740
240,299.0,100.0,1,1.5,2.0,7.89,0,0.59,720
241,296.0,101.0,1,2.5,3.0,7.68,0,0.6,700
242,317.0,103.0,2,2.5,2.0,8.15,0,0.65,754
243,324.0,115.0,3,3.5,3.0,8.76,1,0.7,777
244,325.0,114.0,3,3.5,3.0,9.04,1,0.76,782
245,314.0,107.0,2,2.5,4.0,8.56,0,0.63,763
246,328.0,110.0,4,4.0,2.5,9.02,1,0.81,790
247,316.0,105.0,3,3.0,3.5,8.73,0,0.72,758
248,311.0,104.0,2,2.5,3.5,8.48,0,0.71,742
249,324.0,110.0,3,3.5,4.0,8.87,1,0.8,767
250,321.0,111.0,3,3.5,4.0,8.83,1,0.77,769
251,320.0,104.0,3,3.0,2.5,8.57,1,0.74,767
252,316.0,99.0,2,2.5,3.0,9.0,0,0.7,762
253,318.0,100.0,2,2.5,3.5,8.54,1,0.71,758
254,335.0,115.0,4,4.5,4.5,9.68,1,0.93,809
255,321.0,114.0,4,4.0,5.0,9.12,0,0.85,760
256,307.0,110.0,4,4.0,4.5,8.37,0,0.79,744
257,309.0,99.0,3,4.0,4.0,8.56,0,0.76,744
258,324.0,100.0,3,4.0,5.0,8.64,1,0.78,774
259,326.0,102.0,4,5.0,5.0,8.76,1,0.77,784
260,331.0,119.0,4,5.0,4.5,9.34,1,0.9,803
261,327.0,108.0,5,5.0,3.5,9.13,1,0.87,780
262,312.0,104.0,3,3.5,4.0,8.09,0,0.71,743
263,308.0,103.0,2,2.5,4.0,8.36,1,0.7,748
264,324.0,111.0,3,2.5,1.5,8.79,1,0.7,772
265,325.0,110.0,2,3.0,2.5,8.76,1,0.75,770
266,313.0,102.0,3,2.5,2.5,8.68,0,0.71,751
267,312.0,105.0,2,2.0,2.5,8.45,0,0.72,757
268,314.0,107.0,3,3.0,3.5,8.17,1,0.73,758
269,327.0,113.0,4,4.5,5.0,9.14,0,0.83,793
270,308.0,108.0,4,4.5,5.0,8.34,0,0.77,731
271,306.0,105.0,2,2.5,3.0,8.22,1,0.72,734
272,299.0,96.0,2,1.5,2.0,7.86,0,0.54,721
273,294.0,95.0,1,1.5,1.5,7.64,0,0.49,708
274,312.0,99.0,1,1.0,1.5,8.01,1,0.52,755
275,315.0,100.0,1,2.0,2.5,7.95,0,0.58,756
276,322.0,110.0,3,3.5,3.0,8.96,1,0.78,771
277,329.0,113.0,5,5.0,4.5,9.45,1,0.89,783
278,320.0,101.0,2,2.5,3.0,8.62,0,0.7,769
279,308.0,103.0,2,3.0,3.5,8.49,0,0.66,729
280,304.0,102.0,2,3.0,4.0,8.73,0,0.67,726
281,311.0,102.0,3,4.5,4.0,8.64,1,0.68,754
282,317.0,110.0,3,4.0,4.5,9.11,1,0.8,755
283,312.0,106.0,3,4.0,3.5,8.79,1,0.81,752
284,321.0,111.0,3,2.5,3.0,8.9,1,0.8,771
285,340.0,112.0,4,5.0,4.5,9.66,1,0.94,808
286,331.0,116.0,5,4.0,4.0,9.26,1,0.93,786
287,336.0,118.0,5,4.5,4.0,9.19,1,0.92,812
288,324.0,114.0,5,5.0,4.5,9.08,1,0.89,775
289,314.0,104.0,4,5.0,5.0,9.02,0,0.82,751
290,313.0,109.0,3,4.0,3.5,9.0,0,0.79,747
291,307.0,105.0,2,2.5,3.0,7.65,0,0.58,736
292,300.0,102.0,2,1.5,2.0,7.87,0,0.56,728
293,302.0,99.0,2,1.0,2.0,7.97,0,0.56,729
294,312.0,98.0,1,3.5,3.0,8.18,1,0.64,748
295,316.0,101.0,2,2.5,2.0,8.32,1,0.61,764
296,317.0,100.0,2,3.0,2.5,8.57,0,0.68,769
297,310.0,107.0,3,3.5,3.5,8.67,0,0.76,744
298,320.0,120.0,3,4.0,4.5,9.11,0,0.86,764
299,330.0,114.0,3,4.5,4.5,9.24,1,0.9,794
300,305.0,112.0,3,3.0,3.5,8.65,0,0.71,739
301,309.0,106.0,2,2.5,2.5,8.0,0,0.62,739
302,319.0,108.0,2,2.5,3.0,8.76,0,0.66,757
303,322.0,105.0,2,3.0,3.0,8.45,1,0.65,777
304,323.0,107.0,3,3.5,3.5,8.55,1,0.73,783
305,313.0,106.0,2,2.5,2.0,8.43,0,0.62,747
306,321.0,109.0,3,3.5,3.5,8.8,1,0.74,763
307,323.0,110.0,3,4.0,3.5,9.1,1,0.79,782
308,325.0,112.0,4,4.0,4.0,9.0,1,0.8,784
309,312.0,108.0,3,3.5,3.0,8.53,0,0.69,743
310,308.0,110.0,4,3.5,3.0,8.6,0,0.7,738
311,320.0,104.0,3,3.0,3.5,8.74,1,0.76,766
312,328.0,108.0,4,4.5,4.0,9.18,1,0.84,779
313,311.0,107.0,4,4.5,4.5,9.0,1,0.78,743
314,301.0,100.0,3,3.5,3.0,8.04,0,0.67,731
315,305.0,105.0,2,3.0,4.0,8.13,0,0.66,736
316,308.0,104.0,2,2.5,3.0,8.07,0,0.65,732
317,298.0,101.0,2,1.5,2.0,7.86,0,0.54,718
318,300.0,99.0,1,1.0,2.5,8.01,0,0.58,723
319,324.0,111.0,3,2.5,2.0,8.8,1,0.79,769
320,327.0,113.0,4,3.5,3.0,8.69,1,0.8,785
321,317.0,106.0,3,4.0,3.5,8.5,1,0.75,752
322,323.0,104.0,3,4.0,4.0,8.44,1,0.73,772
323,314.0,107.0,2,2.5,4.0,8.27,0,0.72,750
324,305.0,102.0,2,2.0,2.5,8.18,0,0.62,739
325,315.0,104.0,3,3.0,2.5,8.33,0,0.67,746
326,326.0,116.0,3,3.5,4.0,9.14,1,0.81,776
327,299.0,100.0,3,2.0,2.0,8.02,0,0.63,712
328,295.0,101.0,2,2.5,2.0,7.86,0,0.69,702
329,324.0,112.0,4,4.0,3.5,8.77,1,0.8,772
330,297.0,96.0,2,2.5,1.5,7.89,0,0.43,709
331,327.0,113.0,3,3.5,3.0,8.66,1,0.8,789
332,311.0,105.0,2,3.0,2.0,8.12,1,0.73,751
333,308.0,106.0,3,3.5,2.5,8.21,1,0.75,734
334,319.0,108.0,3,3.0,3.5,8.54,1,0.71,775
335,312.0,107.0,4,4.5,4.0,8.65,1,0.73,743
336,325.0,111.0,4,4.0,4.5,9.11,1,0.83,775
337,319.0,110.0,3,3.0,2.5,8.79,0,0.72,774
338,332.0,118.0,5,5.0,5.0,9.47,1,0.94,790
339,323.0,108.0,5,4.0,4.0,8.74,1,0.81,782
340,324.0,107.0,5,3.5,4.0,8.66,1,0.81,778
341,312.0,107.0,3,3.0,3.0,8.46,1,0.75,752
342,326.0,110.0,3,3.5,3.5,8.76,1,0.79,788
343,308.0,106.0,3,3.0,3.0,8.24,0,0.58,745
344,305.0,103.0,2,2.5,3.5,8.13,0,0.59,727
345,295.0,96.0,2,1.5,2.0,7.34,0,0.47,699
346,316.0,98.0,1,1.5,2.0,7.43,0,0.49,764
347,304.0,97.0,2,1.5,2.0,7.64,0,0.47,739
348,299.0,94.0,1,1.0,1.0,7.34,0,0.42,711
349,302.0,99.0,1,2.0,2.0,7.25,0,0.57,729
350,313.0,101.0,3,2.5,3.0,8.04,0,0.62,747
351,318.0,107.0,3,3.0,3.5,8.27,1,0.74,773
352,325.0,110.0,4,3.5,4.0,8.67,1,0.73,780
353,303.0,100.0,2,3.0,3.5,8.06,1,0.64,725
354,300.0,102.0,3,3.5,2.5,8.17,0,0.63,719
355,297.0,98.0,2,2.5,3.0,7.67,0,0.59,715
356,317.0,106.0,2,2.0,3.5,8.12,0,0.73,750
357,327.0,109.0,3,3.5,4.0,8.77,1,0.79,788
358,301.0,104.0,2,3.5,3.5,7.89,1,0.68,724
359,314.0,105.0,2,2.5,2.0,7.64,0,0.7,748
360,321.0,107.0,2,2.0,1.5,8.44,0,0.81,774
361,322.0,110.0,3,4.0,5.0,8.64,1,0.85,763
362,334.0,116.0,4,4.0,3.5,9.54,1,0.93,797
363,338.0,115.0,5,4.5,5.0,9.23,1,0.91,806
364,306.0,103.0,2,2.5,3.0,8.36,0,0.69,741
365,313.0,102.0,3,3.5,4.0,8.9,1,0.77,759
366,330.0,114.0,4,4.5,3.0,9.17,1,0.86,799
367,320.0,104.0,3,3.5,4.5,8.34,1,0.74,764
368,311.0,98.0,1,1.0,2.5,7.46,0,0.57,745
369,298.0,92.0,1,2.0,2.0,7.88,0,0.51,721
370,301.0,98.0,1,2.0,3.0,8.03,1,0.67,722
371,310.0,103.0,2,2.5,2.5,8.24,0,0.72,735
372,324.0,110.0,3,3.5,3.0,9.22,1,0.89,768
373,336.0,119.0,4,4.5,4.0,9.62,1,0.95,798
374,321.0,109.0,3,3.0,3.0,8.54,1,0.79,761
375,315.0,105.0,2,2.0,2.5,7.65,0,0.39,763
376,304.0,101.0,2,2.0,2.5,7.66,0,0.38,722
377,297.0,96.0,2,2.5,2.0,7.43,0,0.34,708
378,290.0,100.0,1,1.5,2.0,7.56,0,0.47,690
379,303.0,98.0,1,2.0,2.5,7.65,0,0.56,724
380,311.0,99.0,1,2.5,3.0,8.43,1,0.71,742
381,322.0,104.0,3,3.5,4.0,8.84,1,0.78,768
382,319.0,105.0,3,3.0,3.5,8.67,1,0.73,762
383,324.0,110.0,4,4.5,4.0,9.15,1,0.82,776
384,300.0,100.0,3,3.0,3.5,8.26,0,0.62,729
385,340.0,113.0,4,5.0,5.0,9.74,1,0.96,806
386,335.0,117.0,5,5.0,5.0,9.82,1,0.96,813
387,302.0,101.0,2,2.5,3.5,7.96,0,0.46,731
388,307.0,105.0,2,2.0,3.5,8.1,0,0.53,737
389,296.0,97.0,2,1.5,2.0,7.8,0,0.49,719
390,320.0,108.0,3,3.5,4.0,8.44,1,0.76,776
391,314.0,102.0,2,2.0,2.5,8.24,0,0.64,761
392,318.0,106.0,3,2.0,3.0,8.65,0,0.71,755
393,326.0,112.0,4,4.0,3.5,9.12,1,0.84,790
394,317.0,104.0,2,3.0,3.0,8.76,0,0.77,757
395,329.0,111.0,4,4.5,4.0,9.23,1,0.89,793
396,324.0,110.0,3,3.5,3.5,9.04,1,0.82,774
397,325.0,107.0,3,3.0,3.5,9.11,1,0.84,773
398,330.0,116.0,4,5.0,4.5,9.45,1,0.91,798
399,312.0,103.0,3,3.5,4.0,8.78,0,0.67,750
400,333.0,117.0,4,5.0,4.0,9.66,1,0.95,807
401,316.40467704123864,105.08059018993396,2,1.103895882293818,1.8750728846892983,8.114749499013149,1,0.49,750
402,332.14265110952033,114.01612634679122,5,3.5007090598374555,5.0,9.391548386644374,1,0.89,793
403,304.21544827984013,104.45481216002362,2,3.198352654783354,2.5883815847968847,9.698436124586015,0,0.64,729
404,315.9540936187279,104.58137184082824,3,1.397268171892958,2.8280742024768593,7.857612230782865,0,0.72,759
405,309.16541925597437,106.59884701576476,2,3.4887034480876222,2.619054257832381,8.241899394292071,0,0.62,742
406,310.59261773514436,107.73188149959522,3,3.111375330080707,1.3228642948929197,6.850558483624698,1,0.64,747
407,314.76280738679793,104.69991765096783,2,2.017255668328707,2.002566809517312,8.431510635820125,0,0.65,764
408,298.30457882206383,96.1527821077057,2,1.415437079373551,3.41262727533243,7.927791752386257,0,0.54,722
409,297.4064697553307,96.62609058611228,2,1.9016331656583347,1.6577957966455783,6.415063598554809,1,0.44,715
410,329.810709136016,113.90748136127937,3,1.6367229057334425,4.6630359309604374,9.766761522098976,1,0.9,789
411,320.6587757860879,111.10553755430207,3,2.6035189617133985,5.0,8.676725083471357,1,0.85,779
412,310.5781209141484,98.90981421502116,1,3.118043681721214,2.624354906058329,6.611496106821299,1,0.64,745
413,311.228744218296,107.84374022940985,4,5.0,4.698108610237872,10.0,1,0.78,745
414,322.26078795471744,105.3286455513989,3,1.040863489242802,3.621542110349679,7.85668336350169,1,0.73,778
415,312.26803819860135,103.48519073019948,3,3.349493371696633,4.1178946601544295,8.861556069728366,1,0.77,757
416,334.5775310875261,119.23551531083672,5,5.0,5.0,10.0,1,0.95,793
417,307.3885527323691,109.33166735778676,4,4.352105154965769,2.33213880154276,8.559712971290391,0,0.7,741
418,301.4308727980803,100.1494976954148,2,3.812415512419297,2.9845643126070502,7.8524613569479955,1,0.64,722
419,316.18492522346395,109.07438634027056,3,5.0,5.0,7.353977686153287,1,0.69,766
420,312.2780669441188,106.69223256821256,2,1.1984474010760655,3.549314200710735,8.750555889357742,0,0.72,742
421,313.73126827612566,104.37603424421238,4,5.0,5.0,10.0,0,0.82,749
422,323.4242718414573,108.52250618307234,5,4.041617062595913,4.234675521026579,9.17850125647668,1,0.81,779
423,300.6186288344638,98.60504093134873,1,3.0613933844534698,1.5507432387285376,8.280606652016631,1,0.36,720
424,319.0010931314602,104.7128275274931,2,5.0,4.424183592302225,8.843282642805717,1,0.64,775
425,338.67175523496854,114.7618137392537,5,4.0520422575593615,5.0,8.045381479048713,1,0.91,812
426,322.4787118563486,110.06207998251404,4,4.416808204162752,3.594909799489979,9.325417403669396,1,0.87,773
427,307.92429867833624,102.87904319845764,2,3.626983522633222,3.8510413029166743,9.500935962322757,0,0.69,744
428,335.1886991574616,113.63515077790645,4,4.425309666374991,3.331383505353334,9.179934707818449,1,0.93,805
429,331.3698602400117,117.19901180939316,5,3.1799313286747175,2.9315650357235516,8.23031211312039,1,0.9,787
430,310.0689308024278,107.3606014207693,2,2.8797574848205088,3.0354639694313885,7.660124243254232,0,0.73,736
431,325.1295957379408,112.00010645123282,3,1.7753122206215437,3.308661824990277,10.0,1,0.84,782
432,334.3293822465718,119.2394875197408,5,4.375397602629892,1.9748599516971803,8.349082624394685,1,0.97,792
433,323.9305240146283,110.03007766095074,4,3.201771555980937,3.245346952785063,9.99872162439084,1,0.82,772
434,305.0368736597562,105.17974611163731,2,2.7904486923734444,1.5935227718266525,8.323826450275174,0,0.73,734
435,331.2113517847502,120.0,5,4.986059807179862,4.05326270711891,9.001228615239242,1,0.94,795
436,334.3304966081412,119.09175170963935,5,4.452521344400912,4.891582839549066,9.273266851870265,1,0.97,812
437,310.6941663766718,103.1598088400048,3,4.8016075775438685,3.1630672326907137,7.87351644236669,0,0.76,745
438,325.1624603609331,111.94300149535476,4,3.918797528904288,2.633554766363156,7.981447851687803,1,0.73,778
439,326.8840236096366,106.47792926255548,5,5.0,3.6481166696087417,8.554704373044798,1,0.87,780
440,304.6739400946831,101.46109196339044,2,1.0365094100531071,3.3997107132902458,10.0,0,0.59,728
441,297.10774025296917,96.98520562899458,2,2.807395029187498,3.0115316777940735,7.1192485252151725,0,0.49,711
442,308.55909733755715,105.72527042369974,5,4.219651663326396,5.0,8.717487336706697,0,0.71,745
443,319.39497170098775,109.56887931003568,3,2.9085577837982113,4.336061282685085,8.272655980891543,1,0.75,775
444,311.3395684867549,105.76587143248712,5,3.9550545880438848,3.777591612467812,8.919097859350472,0,0.71,755
445,322.76229005443105,109.00206188719594,4,4.1631786824718775,5.0,10.0,1,0.86,773
446,321.28397533453995,110.86032967150182,5,4.73378174244891,3.5094323732789645,9.646663561358023,1,0.88,779
447,313.3579288447634,107.98630478612968,3,2.170468881473209,3.3743539420627275,10.0,1,0.73,742
448,318.9406113685153,103.07622721266456,4,4.064628426412209,2.1763698605949013,7.958690374472885,0,0.76,759
449,326.3631675691268,113.17680491220004,3,2.304727627947472,5.0,10.0,1,0.84,783
450,293.8269171661998,93.31705743631274,1,2.171887352161866,2.0729018226405564,7.230297995134295,0,0.46,706
451,315.67034305994633,105.2028050686885,3,2.723643315770238,5.0,8.77774316483538,0,0.73,765
452,312.5092472845409,96.85276195348015,3,1.0,5.0,8.755524024335582,1,0.76,756
453,314.2187129372896,109.8576600744928,3,5.0,2.490156676146236,7.928945835281469,0,0.64,745
454,313.10297681179406,107.09528949187715,4,3.18953324520979,4.600870869680491,9.28279831779252,1,0.84,749
455,340.0,111.00211593328908,4,4.266924583280792,5.0,8.996562232146593,1,0.96,826
456,330.7581333152457,114.45252733163844,5,4.820185511261181,3.2356423651122777,10.0,1,0.93,791
457,318.5768110209101,110.4825849607056,3,3.2834663141886824,1.2710668845257134,9.885149992026058,0,0.72,764
458,316.3936214675458,99.4309764823722,2,1.4350542322791426,1.0,9.23489085222124,1,0.71,757
459,308.7095087817896,103.41713918747855,2,1.0,4.147564268630124,7.477393473365602,0,0.65,734
460,295.90532338356775,100.87032618810946,2,3.7774787482964673,2.450461729459676,7.27125426558366,0,0.69,708
461,319.1169133072003,109.16851832231794,3,2.899920676983323,4.560882544377659,9.217767867897296,1,0.68,772
462,315.06630758406124,105.93841559333302,2,2.9622713429445984,4.9471887546954125,7.126478370677316,0,0.63,755
463,309.7165600235562,103.37906019513323,2,1.9472361188298748,2.89117632007902,7.940039557067769,0,0.42,742
464,322.6806617332006,110.98832682746144,4,4.043407198189526,5.0,9.3089740746462,1,0.86,775
465,313.2311521231174,105.336272252817,2,3.0274912414966693,2.383563047519295,8.056803562955077,1,0.53,745
466,297.99906208854475,97.72641496369393,3,5.0,3.23421217455953,6.556030078936007,0,0.38,722
467,324.7016387179769,110.33321269130398,3,3.948271873425129,3.949182767144416,9.312402531578432,1,0.82,784
468,322.97178345146284,106.1969576890024,2,2.598852065127915,2.791822650177763,8.430910904801904,1,0.65,776
469,312.99918083496567,105.28243016714691,3,1.0,5.0,8.585897206670353,1,0.73,754
470,304.2383630637122,101.07928813747164,2,1.5432065270299478,1.7143251347368886,8.10598951901148,0,0.38,730
471,322.51763543882623,112.25511970739473,5,2.572645491555524,3.5971434984147166,8.557659866685327,0,0.79,781
472,298.63823917401527,101.756759292702,3,2.4308814961775,2.9963797087786905,9.127887362414812,0,0.63,722
473,334.56166638918705,117.3670769287672,5,5.0,5.0,8.363136236231309,1,0.89,797
474,330.59981242468496,114.9271127235824,5,2.803437030197519,4.5898773260859915,9.565210811730582,1,0.93,796
475,312.61118699401885,110.20106080741124,3,2.587774074698448,2.5062623721566006,8.50341588394789,0,0.77,757
476,331.8027247564758,112.47625682836656,5,4.065522359772028,3.202621563181698,9.984341515414222,1,0.91,789
477,306.09234888575935,102.62532282378646,2,2.291369783238101,3.6122280837117575,7.594901662288523,0,0.69,726
478,299.4234187517934,102.12182856224436,3,4.914106974395912,2.750076716855217,7.764933432774301,0,0.56,711
479,314.0996757744598,109.56706161573796,3,5.0,4.07421004043054,8.243284359193087,0,0.64,744
480,312.3826235046642,103.32430903897294,3,2.886848957278567,5.0,8.10487270530565,0,0.67,755
481,329.6111961651305,115.23875728819144,5,5.0,3.599645700436109,9.753105369651578,1,0.93,789
482,332.3184353827982,116.110423991665,4,5.0,3.117378564331094,9.786727691829295,0,0.87,798
483,301.38895855147473,99.1863006766014,3,1.0,2.2895451380070178,8.79245032208771,1,0.64,716
484,305.9641204953608,101.89482850776392,3,3.4554119060921336,2.358887638756836,5.599812197772508,0,0.73,738
485,308.70428580580824,104.15317412415578,2,2.8912641422554035,5.0,9.845550607851512,1,0.7,730
486,328.31375949061226,112.8223530020634,3,3.5718655953160576,2.979747821502593,7.629814255056255,1,0.74,790
487,304.5499323458852,96.6043096277688,2,1.7969938469491384,1.0,7.014782295593496,0,0.47,734
488,320.64013480196087,109.44212466741465,4,2.9893729079427893,5.0,10.0,1,0.85,771
489,317.15043635022414,101.0731616510714,2,4.0352843554351745,4.299525687135256,6.085799268840733,0,0.68,762
490,339.70578071972955,114.46558904052333,5,4.04651957662661,5.0,8.30123363195066,1,0.96,819
491,320.48566123111226,113.434739588336,5,4.3827089528690815,4.305216259838271,8.526271205128488,1,0.92,768
492,307.8579332587488,98.19418050969622,2,2.388547960927394,2.5949576776187513,5.056344445630497,0,0.54,748
493,326.9690167951783,113.45234603765438,3,2.27959380054485,2.409901850170637,9.858398733817369,1,0.8,793
494,313.0776712116636,103.0178128860496,3,2.6345256033754736,2.1342072874512192,6.4215548649792185,0,0.76,744
495,321.7071362410905,104.18492900158353,3,1.998885626376836,2.3282524869014054,8.325457976274375,0,0.64,763
496,300.0623560694132,106.51659918635376,3,2.887734493736224,4.740781487416009,7.596502860077907,1,0.62,730
497,329.29131324628406,119.3654246012162,4,5.0,5.0,9.028052028221756,1,0.9,785
498,304.3790867242936,104.04431383742508,2,2.965382636819423,3.134983894731113,8.895264659239672,0,0.59,738
499,334.3630793208795,116.25549110865556,4,2.8924712691237966,3.5138193148563515,9.840195742703983,1,0.78,793
500,324.67808887669923,109.91137061691693,3,5.0,3.3786641629033123,8.895820035088853,1,0.89,770
501,330.62753280433327,117.87842282471613,4,4.898385904098375,4.747586071462332,9.836254252197602,1,0.91,793
502,301.1570791339773,103.76366492811448,1,1.6881435274496042,1.163332859363715,8.480454189804009,0,0.5,722
503,328.17814683512233,113.22467077469793,3,4.606273163156367,1.9565063492778207,8.916473062952024,1,0.83,792
504,315.50646723498755,108.29847460027536,2,4.296667648986188,2.148775691984337,9.602044654329532,1,0.56,763
505,328.56727419953035,112.3065877682226,4,3.825051625677461,1.579160034784684,10.0,1,0.81,798
506,321.5791147774814,113.37542566748296,3,4.213152502494574,2.7917719715822735,10.0,1,0.85,777
507,315.6902833654469,99.18301558701164,2,2.281452301037729,3.6598444948691906,9.283634685181507,1,0.71,753
508,299.2497742768621,103.42027189275728,3,2.906729408634882,2.7435262336003405,9.431631024657737,0,0.56,715
509,298.46341446773977,99.0312405781096,2,1.737168884069094,1.877361113682524,5.348522646797275,1,0.44,724
510,334.99681276340783,115.48751902279427,4,5.0,3.724056008903645,9.616032022754922,1,0.93,803
511,325.78496804172903,110.3376301489244,3,4.367996513599015,2.6097756793302076,8.950718204766181,1,0.8,782
512,304.9938749409774,96.16530286492052,2,2.683807525095138,1.0,6.922273513418797,0,0.47,730
513,325.4519941806359,109.23070640229336,4,3.2357356871947203,3.479731922848434,10.0,1,0.83,781
514,300.77286635896684,107.16410267308224,2,4.315932708730385,3.2350375241654583,6.239836094848963,0,0.64,722
515,301.254569018904,105.76553326875954,2,2.954093452478771,4.041049612116477,6.575153380858934,1,0.68,727
516,311.5745004023932,103.76752611013174,2,2.795287584574381,2.3606775292929805,7.2175708282616124,0,0.42,757
517,314.18217152308347,105.06895959268344,4,5.0,5.0,6.291257085479023,0,0.82,754
518,339.7385237255126,113.41208831373794,4,5.0,3.91274207750464,10.0,1,0.94,806
519,312.1898458323655,102.9917603978698,2,3.715155106959376,5.0,7.78556024623783,0,0.71,739
520,330.8600150724524,116.06368612008173,4,5.0,5.0,8.868132273463338,1,0.91,791
521,321.9568046129515,110.68977504376188,3,3.952746887269228,3.663595971226921,8.804039457985018,1,0.78,782
522,323.73442916096263,114.8905568061184,4,3.015939568706035,2.2377275018322904,7.502207737472406,0,0.7,771
523,333.40252370381023,118.93782686426596,5,2.593397401849442,4.062118229922168,9.839243550398958,1,0.94,801
524,317.88723797720786,109.52367138371244,3,1.082898599275048,3.4015846212435323,8.40935333553432,0,0.63,762
525,315.2223188570924,109.86554132065568,4,3.5318808847003464,2.643022338225399,8.36236651837605,1,0.74,764
526,327.202781628435,103.97053458874238,3,5.0,3.37550458955433,6.67646450679999,1,0.74,787
527,322.397993730517,109.835636213478,5,4.106107217537266,5.0,8.09568165742061,0,0.79,767
528,315.5396712508109,105.54113606104866,2,3.144328443575118,2.9753233425039465,8.075063062033514,1,0.57,760
529,320.52481717492077,118.5412920802898,3,3.9846822369568646,5.0,9.46676622738888,0,0.86,772
530,315.6175788819263,110.03859824217022,2,2.882934975492582,5.0,10.0,1,0.72,767
531,309.9557092281158,105.7603591560725,3,3.7828987054116783,2.3179778612926225,6.550436030209468,1,0.75,739
532,320.54536443177807,101.19064246983494,3,4.405294776815757,2.283790959722922,8.034735032513144,0,0.64,770
533,327.7276128456504,120.0,4,4.920819225558392,4.889042614630152,9.998928542032925,1,0.9,790
534,331.6062719514062,118.57374761017778,5,3.7261792280451287,3.5527623793386196,8.54927326848021,1,0.94,788
535,295.2974772228706,93.99863126486296,2,3.3327417325333135,2.1106274569994263,8.90196246875312,1,0.44,706
536,301.82527428826705,109.31280381175095,3,2.9520021911584933,2.94004467133034,8.64615340055152,1,0.62,726
537,325.85959710299585,112.35098235375524,3,2.870979617356206,1.4604725167952513,8.446549929109691,1,0.7,781
538,329.7146493272736,114.52840720310644,5,3.8679629244524536,5.0,9.147060685744998,1,0.94,796
539,301.27953145840996,98.51114632204629,1,2.671313860836745,5.0,7.974091308031569,1,0.67,720
540,321.55719224630906,107.41635945219932,3,3.344270975064667,3.436556694287246,8.75378028043503,1,0.73,771
541,296.20991436543864,100.01138575094184,1,1.0,1.9312749014294863,7.159684343118538,0,0.52,714
542,324.53283772025816,112.44493642455096,3,1.528866782332897,3.121688371575131,8.466403586239469,1,0.84,778
543,294.5646888816754,100.968948207332,2,2.773027275461771,1.7130716575999203,7.470422229990558,0,0.69,704
544,309.48764236828765,103.5501865444169,2,3.3870991063472053,3.1646243804958387,9.13524943061725,0,0.66,750
545,320.30952989178496,112.28408027887384,3,2.6842849096046546,3.728763470796813,8.988299791345883,1,0.8,765
546,317.28967963721044,107.98515921939108,3,2.7693249261845274,1.5421707165197245,10.0,1,0.84,751
547,335.9277639196798,114.76771186454422,4,4.560634931072067,2.171110470347918,9.63140601594134,1,0.93,814
548,319.172921274123,103.99520489534277,3,3.6755786062895934,1.5355157065173608,10.0,1,0.74,762
549,308.0599726474285,97.98738521200704,3,3.188444475255253,4.245505405840479,8.266420690657407,0,0.76,735
550,334.24718090117426,118.86866257722824,5,5.0,3.577607339968265,9.25552062076556,1,0.95,795
551,338.9635153594286,120.0,4,5.0,3.7446589375430297,8.464665640984963,1,0.97,811
552,328.1398773099482,115.49498815196092,4,4.547946467506881,4.355916368243422,8.40294356359482,1,0.78,777
553,318.3326168655545,103.10746059098123,2,1.0,2.156243043240076,9.212612038923297,0,0.65,773
554,295.09861533578726,102.82370537667175,2,2.8224882376936034,1.0,8.308894701652818,0,0.69,699
555,304.63766125341874,107.13385082611128,2,2.80115867923721,2.6697792050101854,9.220235610731834,0,0.64,730
556,306.8388783836901,109.14869433983684,5,4.192395155078866,2.6883626739682285,7.480294550819959,0,0.61,730
557,297.4093483747425,96.4299508249502,2,3.0544569354206157,2.2817727463251263,9.046741628768793,0,0.43,720
558,323.40604543114006,109.73953273597184,5,3.684521699484749,5.0,10.0,1,0.9,777
559,307.60542885239727,100.3667150952016,2,4.285042410831653,3.044129461398281,7.469577381517268,0,0.68,738
560,315.5414553328631,101.09738400830008,3,2.42144193842295,1.8427286431855288,10.0,1,0.73,761
561,299.95131449379573,97.20496251406377,3,4.53543013644023,4.682962386727822,7.856186515791967,0,0.38,710
562,325.7572613269277,112.83094149877132,4,2.697307999218639,1.5355969336353958,9.01167400081675,1,0.8,779
563,315.34271262039493,100.77336557677762,2,1.817556775354267,3.030455471799403,8.317452876145776,1,0.71,756
564,315.52884094549086,105.31419266773494,3,4.541181006591367,4.623695370326724,9.135936799426036,0,0.74,753
565,323.3564519483214,115.52654127967736,5,3.0958042720580874,4.454945319856946,9.060499665721728,1,0.92,771
566,304.83933940635546,105.39805592556706,1,2.004713264731373,1.688219283782115,7.8359018153596,0,0.52,737
567,321.9866330812661,114.86318213569248,4,2.7584747789289192,5.0,10.0,0,0.85,769
568,327.3175465057553,112.2458090671319,3,3.4580622320313026,4.396558075975881,7.189811854956953,1,0.74,776
569,316.43920524531467,100.38449648385604,2,2.241595702296502,2.2188883780289093,8.363546313775203,1,0.71,754
570,307.07162543192015,104.26681937239418,2,2.133449149873095,2.9592950069574155,10.0,0,0.53,731
571,299.4908607236464,96.31278995680096,2,3.1337052567932875,3.1957238398228385,7.6101884670452895,0,0.59,709
572,295.98091647959586,99.00759841437272,2,2.454473886559639,1.0584277199935506,8.143041668101866,0,0.47,707
573,324.69650624228166,110.18290184646408,4,4.127272603825264,5.0,9.674451254963186,1,0.83,789
574,299.8322633258548,102.45822769086972,2,1.0,1.5658171098400633,7.756679268234515,0,0.56,709
575,316.27517620083825,110.7102702063008,3,3.8439283148124783,4.294421532299727,8.12058755499506,1,0.69,760
576,322.50475030132066,104.77403421873306,3,3.287972381928724,1.108386199981426,6.832903019071628,1,0.71,783
577,326.1557349177511,110.8832362857901,3,3.680307783097335,4.691363571774951,7.363071427290746,1,0.79,781
578,318.4505166170877,108.04277458869882,1,2.984995299641538,3.5623081818876616,8.669512109880946,0,0.78,762
579,312.31342355022804,99.12527140008272,3,4.122598408851358,3.6979632604153823,8.173983969158659,1,0.76,748
580,327.1653859782713,114.63459124655164,3,1.5986589356563778,3.868385912036449,9.26163847299424,0,0.61,780
581,323.8498255395197,111.6274875409163,4,2.8515536505931625,1.9727205914366697,8.40224667024079,1,0.82,772
582,288.99835719886465,99.06018878183576,1,1.4202680988426877,1.7941077242281291,7.048289407835596,0,0.47,700
583,332.935619836851,114.68022600249242,5,5.0,4.433437758306936,9.471757581935192,1,0.94,802
584,306.8831700921449,107.39734510049584,2,4.0017312817637904,3.19906889381946,8.871207020567686,1,0.78,736
585,312.27761150106807,103.712546703733,2,2.544174059483217,2.131516941422314,7.926343113572499,0,0.42,758
586,323.7692123017613,113.92843524145168,5,4.678586520094247,5.0,7.160890340049575,1,0.86,787
587,296.0064951152083,98.71611309756136,3,2.8706628794109768,3.2746767198663904,7.946030768877501,0,0.63,712
588,323.5744207261905,111.36081490423872,5,5.0,4.648089110963256,8.642839324247603,1,0.88,775
589,325.4148196034401,111.9322745961524,5,3.3603214191078226,3.574095330022287,8.315296577863734,1,0.88,778
590,311.012864542976,101.8567934538136,3,5.0,3.9108117550935377,8.635840227559564,1,0.68,749
591,318.6905113552878,107.08444721051109,2,1.1314125848183174,5.0,7.732376573138826,1,0.64,772
592,328.3282949742635,114.21552905810194,4,4.170143024012506,1.0,10.0,1,0.86,793
593,301.53620544722236,99.86110291890051,2,1.0,1.140821945686986,7.015684082828384,0,0.56,714
594,329.10191651062456,120.0,4,5.0,5.0,9.45670291317288,1,0.9,799
595,329.3702529595301,110.5380727619707,2,4.2310539453840015,3.9381875378861855,10.0,1,0.84,787
596,310.7233313944909,106.71080406809774,2,3.854659140419961,2.6672029626844114,9.317616393125466,0,0.73,748
597,327.13606357034286,111.84235560435276,4,3.3360365184421568,5.0,9.628887407657272,0,0.83,775
598,309.1128655579696,102.79344710699787,2,2.2956886261357075,1.1421606561515416,7.827370492060278,0,0.72,750
599,318.35425071534956,103.55822064223696,3,2.7322109894575712,3.737617489657648,8.155015491839547,1,0.76,756
600,320.8787845884532,110.25329434677856,3,3.72758835166024,5.0,9.921089937659104,1,0.77,771
601,319.1122587665011,111.09159067715896,5,4.717026294539639,5.0,8.884460844548467,1,0.88,762
602,340.0,119.54611582973972,5,5.0,5.0,8.7239657028758,1,0.94,809
603,333.2582478751828,118.83101427582837,4,4.59345790334738,3.9690154419104298,7.912538522520554,1,0.95,803
604,331.6120346752898,117.99367781783828,2,5.0,4.151879076423812,7.653730360156215,1,0.9,798
605,317.4755669966907,106.27192469008637,3,4.120148624555296,2.9999848351840304,8.198782708958934,0,0.68,762
606,309.49030088381,110.29607187970863,4,3.1662748230539437,4.557217586588861,7.526983432725575,0,0.7,751
607,316.46206001188546,106.97321443979754,3,3.5965008073025824,3.95828167401968,9.951958325955491,0,0.66,753
608,340.0,120.0,4,5.0,5.0,9.336283653568188,1,0.96,816
609,322.81629602627646,106.81272617933888,4,3.4762449051624973,4.320672272012225,9.131911533745296,1,0.76,776
610,318.1247598100409,106.821148808389,2,2.960175549064966,5.0,8.654383716655666,0,0.73,767
611,313.0670069065081,101.90735371185076,3,3.544600096809902,5.0,9.72076926567915,1,0.77,748
612,303.14170642982486,105.57321564223308,2,2.480480539590914,1.8301563276020096,7.933344743097284,1,0.54,736
613,299.31597976548596,100.08836523088638,2,3.3530724816503796,1.4901352981672968,8.052529883384734,0,0.34,709
614,307.84770093647376,103.6441972083612,2,2.8553149223438843,2.93402949964614,8.738895722253293,0,0.65,739
615,335.61403907576937,117.6922866759757,5,2.957699838232565,3.4637601006109295,9.612757192544246,1,0.93,814
616,318.34606923464315,108.35232048034015,3,4.933808419075782,4.103247145329804,6.61367953459715,1,0.74,774
617,314.6691293215074,102.94808052801184,3,1.811729175931618,3.130348343195291,8.67164708275959,0,0.64,762
618,323.432082475396,110.3814316909914,3,2.9773735333571185,4.3478495615897375,9.210176548384933,1,0.8,780
619,316.3514182961254,107.03819557270988,3,3.573042800023295,4.020928942107683,10.0,1,0.84,763
620,325.7525207940511,112.70827994098136,3,3.086665285144077,3.72172597018308,8.975163009415736,1,0.8,790
621,309.8024244988136,106.17043382692268,3,2.1339429842906483,2.0599934560481845,8.36857187521866,1,0.61,749
622,332.6174373174136,114.72561803374614,4,4.9047778378755265,4.920450931884716,9.976182454960435,1,0.93,797
623,319.4836066602892,109.91308394125394,2,2.647661983683272,4.1640149698056,6.655158748887493,0,0.72,765
624,324.9776010580256,112.7847382086332,4,5.0,2.241083522333436,9.801030858851249,1,0.84,773
625,323.7880524476701,112.56323448605508,4,2.362644454355876,1.6692589536511997,8.121565425669955,1,0.72,782
626,321.0039789474983,110.76991625544804,5,5.0,3.449711156516904,9.23765522425098,1,0.92,773
627,301.44042486569793,102.0003019479826,3,3.1486947684777076,3.8686335723818033,8.268051247355922,0,0.62,720
628,320.0351143102144,109.8294741918069,5,5.0,4.504191085653658,10.0,1,0.86,758
629,330.2252365698455,119.32495362823984,5,2.944874902080507,5.0,8.370613885366314,1,0.94,783
630,302.80979167787996,99.38478571805224,2,3.805485669812501,4.8004239976622465,8.712820154255784,1,0.64,723
631,312.45553394712704,104.60252726420435,3,1.2353528127823088,2.6656585522952185,8.1678458955272,0,0.74,745
632,304.0228125819828,104.87269218109851,2,3.1989927237383218,2.056562397403889,9.839939786291607,1,0.54,726
633,313.32238377684376,100.64975313521497,3,1.5245947634253043,1.0,8.080653901090573,0,0.62,752
634,340.0,119.19055795914971,5,3.8874426954826737,3.654447979682368,9.611526342048958,1,0.94,813
635,301.11180100915016,99.16394729328576,3,2.9057435740096924,2.191680196778915,7.148359274525941,0,0.62,724
636,324.1450552136861,110.4045743692665,3,3.9064711926860944,5.0,8.41843309013092,1,0.8,770
637,318.540030627296,119.38661039109684,3,4.921545748447113,4.335559994885587,9.042435633653325,0,0.86,758
638,304.9253736416044,104.70929139014147,2,3.0854820399528022,1.889977910852498,8.67529957355749,0,0.64,721
639,315.47279757252613,100.95437540624874,2,1.655137920207448,1.855882178182739,9.106040830899984,1,0.71,753
640,317.69482323234155,105.67143676429556,3,3.736245605512854,2.362105411737078,8.101971917928946,1,0.65,758
641,324.36761567205855,114.4092133397831,5,4.637073407658902,4.120336736237093,8.119581306051636,1,0.91,772
642,322.8599505250623,104.15812689016076,3,4.189513658981171,1.6340729234569022,9.0784135951414,1,0.78,781
643,298.09413354590777,102.05260086931996,1,1.0,1.4030603465220506,8.076991013868767,0,0.52,725
644,340.0,114.77239254892538,5,4.867958540862099,2.285172744213621,10.0,1,0.96,811
645,295.38080951254983,93.3521055029614,1,1.5249114670402726,2.235961677705071,7.200280449973508,0,0.46,709
646,314.2563697057603,107.3376757632622,2,3.3689984811308027,4.643948982578543,8.593003297394645,0,0.72,753
647,295.41669140559804,98.58319024439044,2,3.0063545806426024,1.2115444739805774,4.763001927681814,0,0.47,708
648,313.84963270917314,100.2831588360766,2,3.0679639640191794,1.6759873564171166,8.946363393054655,0,0.63,761
649,296.90900442200336,101.08532314206572,2,1.0,2.0614013740958668,8.391657750001075,0,0.54,714
650,322.304503677717,108.4724194565774,3,1.0,3.8605863617618454,8.052380460654032,1,0.75,777
651,321.68760095839775,108.56453058043132,4,3.78674536768018,2.129939602331284,9.99457163802352,1,0.86,770
652,316.5044306700195,110.27521534454668,3,3.797619385735657,4.903921882103873,8.21685407162134,1,0.69,751
653,311.4576200373629,104.19438634893586,3,4.048916594651128,3.7454734973581303,7.61284700787353,0,0.71,755
654,310.3974394561169,99.07619022810036,2,3.1406990929149146,2.5328832041064544,7.606598657241005,0,0.65,735
655,302.2973686498656,102.70486531503592,2,3.2644376753743054,4.0536221624139,6.35062777364635,0,0.67,716
656,303.6636686612426,113.45781043101564,3,3.964858193546954,1.7527544582182928,7.873031545651316,0,0.71,738
657,315.6782745672099,103.51937820037404,3,5.0,3.3144352365292136,7.391259795268833,0,0.54,764
658,300.4464899829391,99.93758307687892,3,1.8702636790492568,3.6101829360232633,7.756908004189948,0,0.62,717
659,303.35197860027637,99.93694030282236,4,2.0654773888850126,2.10204951096161,9.43629778096925,0,0.42,723
660,312.59476938307677,108.17812005273116,3,4.763377567392411,1.1696085398548082,6.242378594819182,1,0.64,750
661,326.2965260380387,101.0632368070296,3,4.374893355214835,3.57616655714991,7.618350865099903,1,0.74,778
662,312.8022985885038,101.26553129769766,2,2.674371585132231,4.298963602975665,7.35941854988793,1,0.68,740
663,329.00473938846386,113.8999954650164,5,5.0,2.966949983539534,9.324125450459992,1,0.9,792
664,312.44837717117,103.45906679363245,3,3.20571754442238,4.020446669552447,8.995501603711928,0,0.73,751
665,326.38167839650066,113.08081021252478,4,2.609059956236345,2.538432265236023,8.410159165719957,1,0.84,789
666,328.94578656442576,109.16673439464545,4,5.0,4.185196386470798,8.518033102489953,1,0.81,787
667,336.89821664486624,118.3247398828091,5,5.0,4.747542844165036,10.0,1,0.94,814
668,328.83118505806885,112.83511493078842,4,4.494195508858398,4.462336932552831,8.034293711162263,1,0.81,785
669,325.5165756635595,110.12967088644992,4,4.179642223612141,5.0,8.49298020490557,0,0.55,788
670,312.38056072634566,101.72882563056716,3,2.0934851017183633,1.0,7.638453465479464,0,0.64,740
671,296.9079351721183,92.98244280136984,1,1.0,1.0,5.208863904649446,0,0.46,703
672,317.1491547282041,97.30954251127896,1,3.755394904770911,2.384521713684258,8.159425332675989,0,0.49,760
673,300.1889130825688,105.05349923363056,3,3.9556157837719854,4.203681901911171,7.180154636575002,1,0.68,712
674,311.2359804133252,107.0603945904477,4,4.885207163419427,5.0,8.514407324897626,1,0.66,751
675,316.45793555551523,110.73731524264537,3,3.546303333651056,2.9006117774390687,6.341975313344025,0,0.72,752
676,308.9535423566399,106.24385827980213,3,5.0,2.4460278577129424,7.576310931345929,1,0.75,749
677,334.067856155155,115.30486913219744,4,3.6189042654416808,1.897561131695872,10.0,1,0.93,793
678,335.6477498007607,120.0,4,3.808740794151368,5.0,10.0,1,0.95,813
679,298.6505672409221,94.17621851146876,1,1.0,1.0,7.837189761243891,0,0.42,724
680,309.77892551183885,105.39216232417937,3,1.0,1.6100479076019254,7.771341098240267,0,0.7,735
681,313.8736293124638,106.01777779757808,2,2.337657633110518,2.931409645081031,8.880314873503306,0,0.62,756
682,301.7266275343415,98.0333012552896,1,2.210755025354914,1.846824683879081,6.307293115472446,0,0.57,724
683,305.2602990381304,102.40876177943734,2,2.1197593454789563,2.403838928644793,9.901575222277714,0,0.62,741
684,304.7182536256787,100.8646448027546,4,1.034509509701908,1.9010600738680448,8.854970611673414,0,0.42,734
685,323.0452255983474,113.73622236711624,3,4.139806953202089,2.284734631470811,8.708967558119781,1,0.7,783
686,326.44283289078726,110.17119943651484,2,4.199735770943414,2.187601643996505,7.95464262752639,1,0.75,787
687,338.293518175466,119.21991010468948,4,4.872088497258433,3.926434766541962,9.527084925978512,1,0.95,811
688,324.2262613474643,109.43091338026464,4,3.6033748710022984,4.946005577092248,8.533120144344467,1,0.76,783
689,322.9265474479414,110.13625468020976,3,2.439945471506987,1.9032990101972431,7.740730090748437,1,0.79,773
690,337.458496228354,112.5795142817178,5,4.6317322670480205,5.0,9.476945727597696,1,0.96,819
691,316.21030086125205,100.77619961343594,2,1.7887062922939037,4.994388836698052,7.065323994153888,1,0.71,766
692,308.7019272018685,105.19889464238884,5,3.695558092547911,3.60016410615324,8.125571003657319,0,0.71,730
693,338.40120263017576,115.4060347820338,5,5.0,5.0,10.0,1,0.94,816
694,325.0822305458147,116.77782168822756,2,4.250903667155554,2.3805076093786885,7.623231094384297,1,0.8,774
695,297.95098219732773,100.83142468080725,2,5.0,4.179924351531319,8.408596440943958,0,0.68,717
696,324.45947814957117,112.22785367902064,4,4.586997365568487,2.543155063673202,6.830587594440715,1,0.72,778
697,323.6738021721576,105.43009966140092,3,1.0,1.822893431333513,8.558126104523046,1,0.52,778
698,306.4519516914482,102.38488084276266,2,4.203217031970144,4.059071434559062,8.034166344495437,0,0.66,727
699,324.78766986243824,110.98236829286584,3,2.2808491586261654,3.618164133515203,10.0,0,0.52,769
700,307.39812635030273,103.34011268959908,2,4.0954889378100585,4.6626903580939425,9.049495981503997,0,0.68,734
701,309.96341668058534,105.4270643115126,3,4.654957952213262,1.0,8.439676402316895,1,0.75,750
702,317.221202864863,108.47664940729764,3,2.494765459048531,2.354900999185422,8.88266361921706,0,0.77,756
703,318.32897016177014,103.81315678610186,4,4.932112700335417,2.625410827972672,7.625471904986651,0,0.76,753
704,316.37643177484796,105.77754480830012,2,2.703462699076172,2.3395362048619455,7.086337681534242,1,0.49,767
705,322.5966815500973,114.61668004145191,4,2.4961174948668647,1.0,8.909302059615467,0,0.7,783
706,318.99966756687877,111.2439285833471,4,2.838415204564594,3.639949558104879,10.0,1,0.87,768
707,303.7979515990608,104.91531522380043,1,2.799831802821607,2.313334340406489,6.392527625683819,0,0.52,725
708,298.6843914735296,96.98731424252686,2,2.4875711520740023,1.967340608014989,6.575454954103265,0,0.54,712
709,319.18205677965017,101.0698460537756,3,1.7040539799331669,2.1152007598114593,8.481613481236643,0,0.64,773
710,312.9979292404729,100.29052617773549,2,2.2420954903475563,5.0,7.944375668543049,1,0.56,758
711,299.886002070968,96.66710924178012,2,2.533271798604422,1.8806172162491095,9.6267291986537,1,0.65,721
712,330.4869154918975,118.0060022123193,4,5.0,4.839747499376772,9.646298672413373,1,0.9,784
713,324.07326556916104,107.32743433666242,4,3.932520228666476,4.037753248130723,8.530988818379008,1,0.76,784
714,319.70825770903843,109.14352863265908,3,3.2768639885152107,3.3248858331728313,8.564115979268522,1,0.71,777
715,311.68464199600066,103.97432887058126,3,4.092469109261609,4.931595510888953,8.486073951498946,0,0.7,745
716,295.9550108182224,97.212365738794,2,2.5227878796918564,1.118921073635068,8.785897613469317,0,0.49,717
717,308.36521622463613,97.85660834522116,2,1.6628057562965497,2.1722879237244257,7.667642114720884,0,0.48,742
718,318.2759869717272,105.64153996116048,3,2.810899492926463,2.530245483753764,9.977639827315244,1,0.65,760
719,322.3347239664419,109.3567229578716,3,4.865172388552304,3.266400857257832,9.268268183166407,1,0.78,780
720,323.7454972318941,108.59848871094084,3,3.9675013479453263,4.215302424890314,8.97677310171961,0,0.45,786
721,322.478911238954,116.97383820471244,3,3.8362855359292616,3.813918323478559,7.8237487652608895,1,0.7,771
722,309.45569596680673,102.2204304267776,3,4.930047726024542,4.036214871702758,7.81259927935587,1,0.66,744
723,336.87205486409306,115.600223528265,4,2.9715668009204297,5.0,9.06563012023844,1,0.92,818
724,324.4235978510741,109.03658348894912,3,4.509623443863435,3.395567119832057,9.742784980200026,1,0.79,774
725,315.4306003239585,110.55302289961246,3,3.403492426272323,3.566449071443061,8.11069393273287,1,0.69,747
726,327.2959380726954,110.41245320201632,3,3.728925854847137,5.0,6.971121022037876,1,0.79,787
727,326.6489841838987,113.68624124133136,4,2.055221652851777,1.1007976742111956,8.906527164016104,1,0.8,776
728,305.0710753452067,107.02804444549528,2,1.912603879708106,4.105163484497345,8.919159177741836,1,0.78,730
729,314.3725574582047,104.5364578973356,3,3.963902993094384,5.0,8.523929015887306,0,0.74,756
730,319.8611045791773,105.0552090234618,3,1.6471960358471671,3.4909881133375955,7.788198895114992,1,0.73,762
731,340.0,120.0,5,4.583139770448445,3.2465024055131257,9.317677797149775,1,0.94,824
732,301.1794479465536,102.06246825962472,1,1.2231953655912666,1.0,9.088829252528424,0,0.5,730
733,333.8593221105651,115.03085071114646,5,5.0,5.0,9.22400615540736,1,0.96,793
734,317.89357416419244,106.629659328142,3,3.5714819914104883,1.472621308323804,9.29869322616922,1,0.84,770
735,326.3662041326847,112.02803351428616,3,4.455657735746876,2.885977954518118,8.369898332519261,1,0.84,774
736,313.7003360156284,109.1084774121046,4,2.4325151490979966,4.931060195991765,9.031397136428588,1,0.82,760
737,295.3304647256946,101.00622780122497,1,2.1161598025288297,1.752139274391554,7.536695495484467,0,0.6,702
738,330.0161053907226,113.07779691786648,4,2.4470438049301424,4.59848817673462,9.509613076176858,1,0.87,791
739,321.733338379364,108.51888966011778,5,4.6328254549797645,4.131839406002904,8.634918925665966,1,0.88,782
740,311.70986281794495,103.69008545970236,2,1.7774727135667985,1.0,7.775246743343713,0,0.42,754
741,298.7759366466586,97.82659125685156,1,1.4040527257332716,3.9705689568083367,7.912787907795783,0,0.53,717
742,310.5315796322848,97.48440615311507,1,2.355096705934283,1.8673424631967095,8.25452290948137,0,0.57,749
743,321.62045301226385,106.09329787693964,2,1.2450320458706914,1.65747327403071,7.262164920901856,0,0.81,770
744,315.31084182527525,104.28857068267833,2,2.5288824450399785,2.448391164471074,9.054604006130845,0,0.77,766
745,316.81205456254065,112.91704852234736,3,4.169642791879052,2.616219693121095,7.490078014781003,0,0.71,750
746,295.0938161367041,92.513707863865,1,1.0,2.005292967704713,5.326058714858528,0,0.46,713
747,324.82773300809896,114.2133031388926,3,3.188184294678049,3.2750108082781884,7.213644030244355,1,0.76,783
748,328.2051895429856,109.85199585928454,3,4.160112937636447,4.014529248970707,9.470455926185782,1,0.79,797
749,308.406009185098,106.86652512275558,3,1.0,2.8347975645533334,7.9165120297379135,0,0.72,745
750,330.16094254656866,116.56909362204496,5,3.4329648502074033,3.846355059853162,7.150256176835765,1,0.93,783
751,318.5771649065562,108.57971495620995,3,1.5432790485722334,3.025195512738259,8.102957149725158,1,0.71,771
752,316.12457135247433,107.04609166298744,2,2.907525601863892,4.295195374830561,9.464356764232848,0,0.66,753
753,333.0106960638745,119.98983454040206,5,4.8233784889395865,5.0,10.0,1,0.97,796
754,308.04690678774153,106.74271470048542,3,3.811222703652412,2.585778381522964,9.62397433681186,0,0.58,733
755,336.02252146488155,117.54665103456624,4,3.3692660435362782,4.409732846822925,8.411541755016504,1,0.91,801
756,312.408999954994,107.55444343338344,3,3.279038959129002,1.0,8.316236851305511,1,0.64,756
757,298.0063161744382,98.32155695255338,2,3.772578558798024,2.645889835176103,7.159667193723515,1,0.44,711
758,336.33298058219674,116.52227980360172,5,5.0,4.518548392565836,9.1624499061359,1,0.96,801
759,323.96127827040266,109.37356963640404,4,4.616674779428518,1.6257813486612154,9.290648368809885,1,0.82,778
760,324.74129135956207,109.33446252646958,3,2.687069443355272,3.0133746242221884,9.246036012434114,1,0.79,780
761,300.7070555375162,99.74328684855593,1,3.081274385086097,4.116310877505791,7.946723007705075,1,0.36,724
762,322.72983231847684,108.34536360592406,3,1.0,2.286505369252663,8.924544169956862,1,0.79,779
763,304.4991621613138,106.04665838140212,2,2.3686837968490004,1.0,7.738092414621874,0,0.71,724
764,325.82755121960673,107.59521444326204,3,3.364158218617199,3.448717341132279,9.796739933399486,0,0.8,773
765,320.78896097556355,110.7481533291312,3,3.1549234577575054,5.0,10.0,1,0.82,760
766,322.7877149859243,108.22053137123528,3,2.4982827742627394,4.140105066805897,10.0,1,0.8,766
767,299.30226411642826,93.64417880848066,1,1.0,2.329562991500241,6.536658168443799,0,0.42,715
768,323.463365699204,111.5976366787215,4,5.0,4.429512357190682,7.306172666242025,1,0.83,773
769,331.9874860926854,117.75004813765898,4,3.1039383085527534,3.6268894696896177,9.654393585059276,0,0.87,796
770,318.57144354188154,105.67833288976092,3,4.366314959165543,4.182437853126602,7.165880288961927,1,0.65,764
771,325.15689358839734,111.9342097677692,4,4.885513289376757,5.0,10.0,1,0.84,778
772,323.5652940705357,113.51998014854234,4,4.302966938096329,2.414954519100732,8.808523211687579,1,0.85,766
773,326.6638219874339,107.07408639671604,3,2.563380162283191,3.480082480261661,10.0,1,0.84,787
774,330.3209154183905,111.65553930468036,5,2.8712487472264927,5.0,10.0,1,0.94,796
775,308.7519858241716,105.68973528313587,2,1.8852758346176544,2.045505925678593,7.660409795121862,0,0.65,747
776,305.44573988951436,102.19486416251488,3,4.615085773488243,2.895319603735007,6.648277057585468,0,0.73,725
777,321.195174827662,109.43425640100337,5,5.0,1.646541992850027,7.411963177089045,0,0.76,766
778,309.1386584348466,101.4613048862792,3,3.4981350960578195,4.806116682095606,7.3690232322592255,1,0.66,739
779,313.4676840106892,99.32830215063676,3,3.4762647918750944,5.0,8.059887417960871,1,0.76,753
780,307.3178452649506,99.15563045793286,3,2.639032283724628,4.548534819806883,8.673404742691538,0,0.76,729
781,325.4760467535328,111.5031625265776,5,3.151665461470638,3.698541866485436,10.0,1,0.88,789
782,324.5025371260719,109.55926964728204,3,3.148035373138349,5.0,8.194408200265217,1,0.82,782
783,297.8199163924407,102.25195258467733,3,4.051606842016569,4.470236147893502,9.221160537017806,0,0.56,709
784,316.6031880356073,103.85060725418944,3,2.5805618727577015,2.143754078997313,6.449671659946809,0,0.7,759
785,323.94879832649235,108.02193814301312,3,3.437854739433061,3.993910481908875,7.692905061293232,1,0.82,767
786,334.3625442361499,119.85244726392156,5,4.522413996869106,4.410176276233722,6.892299690975069,1,0.95,809
787,336.40016890417934,120.0,5,2.2307253133652436,4.7581697266618574,8.755456445970353,1,0.97,811
788,326.77152875566816,103.37720495089263,5,3.0867107736960784,3.00913722521934,9.741953579125232,1,0.71,778
789,330.82147793295127,120.0,4,4.061911517060875,4.291195356727965,8.451522447256052,1,0.9,788
790,299.8603826468008,100.1733105875243,1,1.564738166901868,2.8509111289747473,8.670427795961993,0,0.53,725
791,317.6522466520561,104.40944797553388,2,4.783396299274175,2.33986145217441,7.3376021754468175,0,0.77,764
792,315.46070302104897,98.90336833765411,1,1.0,2.039575977511068,7.945377593432532,0,0.58,760
793,305.4381071160676,104.17283345784114,2,1.65003479898339,1.780105878923032,8.385684623247545,0,0.67,742
794,306.88715722908995,106.30627716471442,2,1.3241229420365082,1.235058373734757,5.644029192337138,0,0.61,731
795,312.0218247669809,104.42679206433633,3,3.881922829096566,2.5645709268119288,9.312283869525904,0,0.71,744
796,323.9046057812699,106.55651295534174,3,2.641682362908546,5.0,8.761826211183559,0,0.79,772
797,332.46190036502287,118.89609884977806,4,5.0,5.0,9.066827621750328,1,0.9,807
798,340.0,110.80626266440788,4,4.37989906188741,5.0,9.348088962897863,1,0.96,815
799,299.9709289100422,98.50269402315456,1,1.3507227131138344,1.0,7.684240657202936,0,0.59,712
800,298.6375175609176,99.58970268186803,1,1.3061016698793104,1.3739378840566523,7.720365872632991,0,0.59,721
801,336.515396526393,117.20883249581097,4,2.3647368002475115,2.1023100316513164,9.554371617417331,1,0.91,807
802,312.0639164575282,111.24088452326032,2,3.971997012995368,2.411123081797597,7.0549388975027965,0,0.64,749
803,312.38039226775146,102.28893830874529,3,2.1855456096590915,3.604904721507377,8.227864528318994,0,0.71,743
804,334.37071109267924,118.36030790758544,5,5.0,3.823155493273765,10.0,1,0.95,804
805,337.7259890268132,118.79382425082852,4,3.8966555127919102,3.670404980278146,10.0,1,0.92,801
806,302.8363295693861,101.8927853960334,4,1.2750905607214036,2.770836175746748,8.56258965385113,0,0.42,724
807,300.672397771286,98.1503465879733,1,3.3399447754688363,1.342200994466602,7.838368801468255,1,0.36,720
808,320.39260432971633,110.40928985275484,5,5.0,4.9954846284230685,8.834541214916904,1,0.86,770
809,306.6783162554859,105.84763330080476,2,2.7518305754864807,2.463146604015037,7.747688415135099,0,0.61,734
810,304.05773147149927,99.73386543918642,2,1.6764373780100534,3.836458701206889,6.445375589154538,0,0.64,737
811,327.1489627582791,113.53144945343406,4,4.333664077882378,3.060315792615546,9.139181888765686,1,0.8,776
812,309.005364661355,100.27992961331806,2,4.185845864875434,4.370111705020171,5.836814226678456,0,0.68,750
813,326.163329332648,112.72280487080188,4,4.9000365103684755,4.0863528782122325,8.678099025306315,1,0.8,785
814,318.50856971664865,105.28688527397864,2,1.0,1.0,6.994648781877705,0,0.65,757
815,340.0,117.7924136674151,5,4.880419192703325,2.7101682274548597,7.884808440216148,1,0.94,810
816,312.2910255866138,104.27607923334116,2,1.833006925477113,2.173317408304127,10.0,0,0.72,759
817,321.69961030847503,116.89399635270549,5,4.35991811169198,2.9445026257360656,8.116628094129387,1,0.92,777
818,309.2163440150233,105.07187193326251,3,2.9596904267246646,2.039927475947243,8.318743651041336,1,0.75,736
819,310.4521730977537,105.38945496873788,5,4.163277159376406,2.889690610241242,7.792570503580942,0,0.71,737
820,321.94113199757413,104.93478268182126,2,3.7761593123184527,3.9387148037168176,6.614770963065979,1,0.65,767
821,320.02374113551537,107.77267362509006,3,3.6028846863384,5.0,8.785936147573151,1,0.76,758
822,317.39632843759455,102.69786857281328,2,4.914438340478822,4.382402946045938,7.700744855228035,0,0.57,755
823,317.89745275721094,107.75938708441817,3,3.9536688455707214,4.059665815805548,9.265725336983046,0,0.67,768
824,301.9915658294102,105.82443629373395,5,4.911597575114576,4.081019880615911,9.08817859217874,0,0.77,714
825,317.8187733440224,104.97821806460864,3,4.368753087276422,5.0,10.0,0,0.68,766
826,317.810180136549,109.25180087924925,3,2.225528340853749,3.802748729152176,10.0,1,0.68,753
827,328.83197748831964,111.00799987836224,4,4.248690490827014,5.0,9.77578733317855,1,0.81,783
828,314.861283148864,107.224872495636,2,3.6368019063434858,2.6971277956480537,8.905298176776855,1,0.56,753
829,322.82244657952265,113.1057964639341,4,4.25643724237013,5.0,9.85548582860577,1,0.89,769
830,316.6572791212962,109.63251133000033,3,3.6285370263669248,2.6193929938483222,7.816640261248848,0,0.77,769
831,317.2290834623439,101.39795268588472,2,4.083479045647373,2.0622170104757216,9.397478914831847,0,0.65,759
832,320.36954961185927,103.46825216893812,3,2.7950428631206488,2.4544538601509833,8.396898934950734,1,0.76,766
833,310.74264255078634,106.28501196804336,2,2.289097075449138,1.7927952119189918,7.937161190555739,1,0.53,752
834,311.72795074025464,106.57839824945876,2,2.2576584755595404,4.264690510509905,6.24645938850608,0,0.69,750
835,313.1019024102137,106.2994298310912,3,3.380770102134069,4.407208305389049,10.0,0,0.72,756
836,304.05643202261604,98.71975311299768,1,2.390125284607173,1.8273081637775832,6.602549012142905,0,0.56,724
837,330.6919770642929,119.38008759283484,3,4.287154968550146,4.349613710568199,9.685317072469273,1,0.86,791
838,311.89695903970573,103.0980135550696,3,5.0,2.775368168580606,7.9696592507136845,0,0.76,746
839,332.8251958875242,115.045719409701,4,2.1714932218018625,3.3143410747778494,10.0,1,0.93,792
840,313.5213623937296,103.09737545997906,3,1.8872570273658007,1.9277164936532325,10.0,0,0.7,747
841,323.8411577618538,106.9964488160263,5,1.9230010620393725,4.345170233104873,7.835899385327487,1,0.81,784
842,334.01293887089594,118.26698502808853,5,3.730832935712854,3.9347806061855697,9.624609563023002,1,0.95,811
843,327.19979010002174,112.68059624516466,4,4.22048196836625,2.406844341669667,8.172501053862634,1,0.84,776
844,310.1972563704803,106.19825821000526,2,1.0,4.827445796588619,9.162346741593,0,0.69,746
845,321.7781941892983,112.61126341480389,4,4.647089531242397,5.0,10.0,0,0.85,767
846,321.33230357916955,108.40926383461276,5,3.47565407390426,4.4607629321513365,10.0,1,0.88,766
847,316.1443071914291,102.19528878318904,3,1.689708775426093,2.640094802052206,6.04381322140706,0,0.64,751
848,310.581389062895,99.71358843228704,3,3.848262865501579,3.5962022081348826,10.0,1,0.68,740
849,322.21395483446616,103.72463154265614,3,5.0,4.683089794218165,9.664282415554322,1,0.78,765
850,325.52131801063956,107.08026139087823,3,4.121495739199114,4.652069292731185,6.577666974202334,1,0.52,784
851,323.17998402080303,110.94552458117565,5,2.5352854560096825,5.0,8.69392385472334,0,0.79,772
852,322.2467285542428,111.14958019986756,4,4.889883367031263,3.5154940651471476,8.2377396561275,1,0.82,782
853,315.52422522738993,103.77266108517097,2,2.174130742835386,2.778655637711144,10.0,0,0.65,752
854,311.90384684423407,105.48169104778812,3,1.4481198188172306,4.344682039223754,9.800784061051628,1,0.59,748
855,315.2571265011672,104.4336381703866,3,2.5116660165672076,5.0,9.855732347647018,0,0.74,762
856,304.0012088546305,105.87144570973618,5,5.0,3.4419566071443635,7.516440889607448,0,0.77,722
857,335.5417709120331,117.79128291710109,5,4.183197585448114,4.212859679657339,9.15603796382664,1,0.94,805
858,310.12787643858485,98.46456200739664,3,2.4162697017327397,5.0,8.499733838707249,1,0.76,753
859,312.782804222392,102.49215013706495,3,1.0,3.803744100538864,9.206885754387006,0,0.71,750
860,318.48175982517216,109.52347764747088,2,4.094478629737821,4.172857660650854,7.304240709566545,0,0.72,770
861,307.13747945676164,105.94837667394717,3,1.679478322487023,1.3739306476374589,7.36513598609028,1,0.75,739
862,334.492823908602,113.95588158915574,4,2.330389729806855,3.03475461750712,9.371442408186462,1,0.93,799
863,329.69159767237045,113.5496813980459,5,3.493118319275677,4.990533411389584,9.533422083823124,1,0.86,793
864,332.91070510778684,117.11532315933547,4,4.796086123063177,2.478030355485682,8.594806911058875,1,0.95,804
865,320.9713360194766,111.24682176707394,5,5.0,5.0,8.180823494646527,1,0.86,780
866,301.2084845658432,102.1568798937656,1,1.4201496150872917,2.5323596657616765,7.530945097645361,0,0.5,730
867,312.63530490901496,104.02346538543624,3,2.521805773870377,4.173771888579757,7.866892799631163,0,0.71,748
868,323.5784104129657,109.98578203560618,4,4.531218759752866,4.90334925493302,8.879073029492574,1,0.83,778
869,323.48731252097724,109.65908123924422,5,4.742598959282549,3.140847956260581,9.1880139853993,0,0.78,784
870,320.2623896590951,110.23105465569203,5,4.255780431047609,5.0,9.680544659171645,1,0.93,776
871,322.65687313945136,112.847967527497,3,4.518897879356006,2.6699074944854884,9.103246239336965,1,0.85,764
872,312.0317998491689,106.90776684763084,2,2.9046616114851997,3.57411216820731,6.927771786640258,0,0.69,744
873,323.28472610093337,107.2925740757727,4,5.0,5.0,9.93973387818309,1,0.76,766
874,334.9782303628267,118.4835840039101,5,4.975649530101554,3.879853773267675,9.05912827064583,1,0.94,799
875,332.5065728614151,119.18990943792332,5,5.0,4.783144089772533,9.488485827046397,1,0.96,788
876,312.8006581586763,105.9387609829319,2,2.977758713033977,3.38002652406702,7.816178984910702,0,0.64,748
877,309.72409037680876,103.18435533653312,2,2.5167812105617484,2.891106350758255,9.689399069761246,0,0.71,750
878,320.1578397263456,108.34853874564077,3,4.198251070514477,2.1497816398638747,9.511325028499169,1,0.74,775
879,302.6288607488817,101.3973169386476,2,3.0282930927416887,4.079453937346557,8.45036561796251,0,0.46,723
880,322.7178649859541,108.502983698015,5,5.0,5.0,7.900484595561267,1,0.81,769
881,298.9665637459034,102.98800980997213,2,1.0,2.3227486893224834,7.872402769250286,0,0.54,713
882,315.46057553138866,106.43344366136893,2,3.131566078552791,3.2302539737865565,8.511268587622261,0,0.62,759
883,319.7761274313925,111.53139740279184,4,3.652741627818101,3.3507927150021835,10.0,1,0.87,772
884,323.63785103970105,107.47146023000197,5,2.8809649675865607,5.0,8.017637720854953,1,0.81,771
885,322.4778685346373,105.37260125040235,2,3.2957646003797736,3.3746366079287307,8.986754260543856,1,0.65,776
886,311.9232397032837,105.75289195704708,2,1.4907996251446651,1.5752039923961223,8.120727971874066,0,0.72,747
887,324.0819946294276,109.58488133827026,3,3.008498823732732,4.117834122514004,8.700729185532563,1,0.82,767
888,318.6344152491607,109.9387121974604,3,3.1215198448016586,3.4628459380180523,6.1272288099583125,0,0.67,772
889,299.96695784089223,100.33796240343672,2,3.156190921431397,2.0139657964795816,6.455502220472365,0,0.68,723
890,320.964862015983,120.0,3,4.88228074195692,3.52312841987366,10.0,0,0.86,762
891,315.0477232175826,110.59862481161925,3,3.859645769213366,4.071473697369994,8.468862984007245,1,0.8,762
892,295.71061913837514,99.7435824250423,1,1.61275507914465,1.0,7.17632798453921,0,0.52,712
893,301.4327707817427,101.91468995852736,2,1.165227506402851,4.393899918634094,9.691141954638631,0,0.56,719
894,338.6665947027712,116.55681344085004,4,2.632332700292329,2.432456911239337,10.0,1,0.96,814
895,302.853437322987,99.88234805789315,2,2.0645634534590673,4.463101236336323,7.547675972080323,0,0.46,723
896,304.97459505424706,106.28050981772024,2,1.5734039433156617,3.85714982397561,8.807793584992298,0,0.61,741
897,309.871091509021,100.45289858891724,3,2.645880955541962,5.0,8.306072380740519,1,0.68,740
898,306.5914568446302,100.1618008951026,3,3.347686714687142,3.3340658594675014,4.714659261036748,0,0.47,727
899,324.4750102481467,107.97355879542036,3,3.1459687374901253,2.954475478460147,9.54963675602036,1,0.84,783
900,324.80070241035077,112.64129527022504,3,5.0,5.0,9.65746072435059,1,0.85,778
901,309.7120343139362,104.29858910418652,3,4.1241699863728405,4.652580695915095,7.406248609349563,1,0.61,746
902,311.65349970477473,97.610583919405,1,4.195938282434158,3.564066343686426,8.201124698013887,1,0.64,756
903,324.7716041243402,102.26599417666652,4,3.4268654569437347,4.283298600499281,8.010026712821134,1,0.77,787
904,321.36303177838204,111.10360622879382,4,5.0,5.0,9.24092358002128,1,0.91,776
905,310.6862207385358,96.9687330529478,1,1.966958222669634,2.4560621519091654,7.95786443602993,0,0.57,742
906,317.2073783207524,102.49115440548825,2,3.778060905992131,3.0157573990702,8.601884506411805,0,0.65,760
907,299.90686830202884,97.4981984842445,1,2.9014136562486037,5.0,7.039790666718424,1,0.67,724
908,316.8996084848029,98.83240513150864,2,2.5654527459503145,2.3791965291335773,7.807303598263983,1,0.71,753
909,296.0276738739029,94.41387498782883,2,3.957500083038456,3.119459361596852,8.923424485589425,1,0.44,703
910,340.0,119.03360533859674,5,2.1241186220312303,4.534589234702326,10.0,1,0.97,818
911,307.6160181814386,107.3598620844034,3,2.7797456784648933,2.62708387792896,8.131569492887705,0,0.72,739
912,325.840198471627,110.43186382912012,3,3.516674870788699,5.0,8.753755919725942,1,0.8,778
913,312.21301933822843,104.8453052545208,2,1.5690371719321736,2.443959967929912,10.0,0,0.72,757
914,298.1774977939865,100.66477824795136,2,1.0029280685320927,1.870197288591652,8.90125391842642,0,0.54,725
915,299.19428168661136,97.0812224550148,1,2.3438693795624195,2.232358654593538,7.155284087524389,1,0.67,724
916,307.1787419647483,104.02152866392164,2,2.6952111628376336,3.219181982252514,6.780567758961744,0,0.65,727
917,301.9422491474532,104.67621168600978,3,3.895914973609679,3.105879236873919,7.965105013306806,1,0.68,714
918,310.15084703792525,98.5287449895689,1,1.4156128924982547,1.6433072861111246,7.379059267933028,0,0.57,750
919,321.43640738522544,109.78519311881332,3,3.2732316132644343,3.0862388927518736,8.037222767226858,1,0.78,776
920,324.51461141552073,110.07476424220324,3,3.4475246959272483,2.339308168301931,10.0,1,0.7,771
921,316.9598018720094,100.3276605203066,2,1.6008528723615014,3.0386901838225584,9.096004529357826,0,0.68,761
922,315.71725155428817,101.7883405003668,1,3.607474759964112,1.8848703431484597,7.541227525971467,0,0.57,749
923,315.7575858344792,108.2772726259929,3,5.0,3.5560271438935116,8.745005650124682,0,0.75,748
924,304.85386578603067,102.11686541961132,4,2.8148568036391284,2.7410795952992784,9.341165342013474,0,0.42,726
925,309.4874938989474,100.49107310968192,2,3.069450955207782,1.832857802264112,7.766809855116263,0,0.48,748
926,331.64521994469976,119.64637984259224,5,3.658665716599773,5.0,10.0,1,0.94,792
927,300.0500478932432,97.30433355818758,2,4.279927161391491,3.0562398932906176,10.0,1,0.65,711
928,325.88695340852905,110.56607374273496,3,2.614723579901335,3.1941685541348823,9.342213573469394,1,0.79,787
929,310.86920852531404,101.59810042912876,2,1.7418191865994137,1.486255744682449,8.898714402070445,0,0.42,752
930,305.96408631333816,110.86214599329746,2,5.0,4.908295736041773,6.773351807102972,0,0.63,730
931,315.94774955545387,104.94583792150482,2,1.0,1.3098341533543094,7.943782282099177,1,0.49,768
932,295.95073754527266,93.3789595668337,2,3.7139203495483137,1.5443197194413116,6.448611457525646,1,0.44,706
933,320.12646808120564,108.68046091476296,4,3.351211102386231,4.181708801038352,10.0,1,0.69,778
934,314.28525953168753,102.91207776931196,1,1.7623820545722757,1.0,7.292227172135707,0,0.57,760
935,301.7942504684966,98.45721399522844,3,2.370400720326443,2.263475753726384,8.849372635346956,0,0.62,716
936,327.7773366542098,109.01822526089651,4,3.639606358610074,3.592216340048344,8.545357867087153,1,0.82,786
937,327.2208539051415,110.04551053403878,4,3.008147144186024,3.2706389010802788,9.734269271735212,1,0.78,784
938,312.68192987951664,108.34864255701386,2,1.731124801853412,4.604520414616818,7.918728345128456,0,0.72,743
939,335.70112017295077,117.33584021159704,5,4.428200089059106,4.844613213965463,8.200072749649037,1,0.92,800
940,317.34330734647347,104.06087549335032,2,4.027752500239863,3.6606370658171112,9.26591507047318,0,0.57,763
941,323.1513245886918,104.09569040655552,3,2.8915835003061465,2.8393463154975747,7.657940154078505,1,0.73,770
942,313.0115723848525,104.4942784205261,2,1.697126738347067,1.7192806098936193,8.95475938788222,0,0.62,754
943,311.55875311718745,102.19932301279648,3,3.911201462021059,4.71053838118158,8.53044753298062,1,0.77,741
944,316.33360820206474,104.81343907994872,3,2.5538123987063237,3.814391550823325,8.57849495378657,0,0.72,764
945,321.9734515751997,100.59577558767296,2,3.13497421275713,2.1365970470163904,8.932051521481602,0,0.7,779
946,300.15976692541216,100.88192321156605,3,2.5473695377546397,1.7877807467288442,7.437356465788148,1,0.64,719
947,297.59515568669707,96.6411023727074,2,1.5673617277157936,2.466688190433755,7.024840770575003,0,0.34,720
948,309.1304390084201,101.82347150544769,3,3.619074382880869,4.895354094556346,6.559796906683184,1,0.66,733
949,326.56609941259507,113.68879885783863,4,2.699659892964236,1.600168904872162,7.665556160968368,0,0.7,788
950,310.6866997170577,98.56071805157306,1,2.099985812707396,1.4246282070664598,8.112848449558491,1,0.71,736
951,301.750375936607,106.65281204156344,4,3.0430790172484885,2.780226075660466,9.063834823013664,0,0.57,722
952,326.21745085091965,102.7025259922924,4,5.0,5.0,7.824568583811686,1,0.77,781
953,310.8671362911934,105.76748700306928,3,3.5517580747975352,3.024517585517817,6.442132534080744,0,0.74,740
954,316.03348215294113,104.86102274024098,2,1.6194686134314678,2.26808904129953,7.619742898450819,1,0.49,764
955,323.72269721714,112.39387795786448,5,3.286628860583967,3.0435177151018817,9.29334261643466,1,0.9,781
956,298.0189673304137,91.02569701299905,1,3.016163361911501,2.650198156757304,7.4272490292266,0,0.51,706
957,309.8710354701354,109.04098297388458,3,2.1966748765719735,2.0622438078092644,8.888520945977518,0,0.77,750
958,302.2130863508827,98.23017403415832,3,3.207618147508481,3.615795201737126,8.531039965318088,0,0.36,733
959,318.674337247298,109.43991913395432,3,4.8087952171123485,1.5518950108139515,10.0,1,0.68,771
960,332.3962019013242,115.20217449056764,4,5.0,3.03284091696634,9.555552472150929,1,0.93,789
961,323.4483089396467,110.48588569213588,3,5.0,3.222872010257162,7.964660459903167,1,0.79,768
962,321.3253152796442,110.47720275928216,4,4.400493403122884,4.812277826447283,9.163043568708147,1,0.86,780
963,296.1612979127979,99.32808134208555,2,1.9981959984637916,4.457698662009115,7.561813188932325,0,0.57,701
964,319.9993487774647,113.55856311207926,4,4.891213580514002,3.474086881841843,9.622220145475142,0,0.85,760
965,311.71434848969375,105.15904079931434,2,2.1891324911993046,2.5824433719951494,6.588843268260162,1,0.73,747
966,334.2038743586064,113.31788776181936,4,4.7913859481589665,2.820906881093149,9.166099777013423,1,0.93,808
967,323.9117162915704,111.58140351480992,4,3.224984372901883,3.3465608396600652,8.1488601805316,1,0.82,774
968,324.57092324765097,110.55998879296362,5,5.0,4.1995888860628305,9.459041453432778,1,0.9,784
969,326.453978432857,108.05829781841014,3,3.8860482658640096,3.204780755410898,9.76867941757927,0,0.8,784
970,329.69918001437185,114.11973555618914,5,4.144367871069197,3.1579239134570245,9.187210842886053,1,0.86,797
971,325.6099768531472,109.24396454548734,4,5.0,5.0,7.651878826851202,1,0.79,772
972,320.6366328037414,109.3637290887734,4,4.229267944550276,2.960706785084321,8.940682003058255,1,0.87,776
973,320.0961256839783,111.03878521175666,2,4.622736760431657,1.9431564821227063,8.754697467224789,0,0.72,775
974,317.299884313755,105.6596976847698,3,5.0,2.8446887877917906,8.139504625185339,1,0.75,757
975,325.7434009951391,106.188209950586,3,5.0,4.021560651937342,9.500381565047675,1,0.52,772
976,334.40633475138634,119.60897715113953,5,5.0,3.778020063159439,9.456829238433135,1,0.97,801
977,319.7113809561174,108.32134775813104,3,3.1726078750309523,2.9390828244339646,9.192499497016003,1,0.76,764
978,319.4761205174055,119.3443340485478,3,5.0,5.0,9.720809082548056,0,0.86,758
979,316.4359922936148,103.99865942531508,2,5.0,5.0,9.232161732742856,0,0.57,759
980,306.0059249679483,103.53957145985312,2,1.5647677108370084,2.233967913167067,9.32547518096193,0,0.69,733
981,326.06420978018457,107.1858029517512,3,2.71365464512075,3.6055006640984546,9.039866994124791,0,0.8,779
982,324.75829014104244,108.85492783367935,3,5.0,2.2975800997387528,10.0,1,0.82,781
983,310.42922305282036,107.0580735770672,2,3.1004678791176157,4.871550397701538,7.729199809005571,1,0.79,751
984,307.692275303172,108.71006909747048,3,3.028395739049933,3.0118451158574655,9.042733281231754,0,0.72,730
985,302.5481735457211,97.59817451703978,1,1.283184397920386,2.718801228493972,6.037891348091829,0,0.56,726
986,290.51542897296406,99.46293560775771,1,1.509318798330278,2.473662229229607,8.3271755474134,0,0.47,700
987,299.73087972736215,97.248723269551,1,1.0,1.7187179960628465,7.837799090256979,1,0.67,719
988,321.0236451251515,111.08279560400632,4,2.6129483696952187,2.329215188295422,7.755566318133349,1,0.87,762
989,307.26118141452116,103.91546813835814,2,4.317738089539425,4.14057281074673,7.093895115730686,0,0.58,739
990,311.3940041861918,105.23756878344052,3,3.561030888987565,1.5862917242203012,7.1728411567278965,1,0.75,741
991,311.836845196634,107.93356601782956,3,1.6454869787323347,1.63878723695377,7.889786150670118,1,0.64,751
992,317.9061695521589,110.93709211989876,3,3.032235441733921,2.872345720716158,8.540041505175562,1,0.8,765
993,314.7911005910263,105.40341555413644,2,3.0575624857894033,1.0,8.551830551044572,0,0.65,753
994,334.4588339953313,109.68759047215195,5,5.0,4.722937233271523,8.818430397881798,1,0.96,811
995,334.11983517793857,117.83378544157304,5,5.0,5.0,8.907757220441006,1,0.94,802
996,325.9268470907983,109.42108680108404,4,2.4201544160060986,5.0,9.833475839527464,1,0.84,777
997,331.235801282756,113.04748606340904,4,4.73613068577002,2.4596025625206734,9.233064390365508,1,0.86,794
998,307.5833437525938,109.76828360338688,2,4.920625667555424,2.953771501974907,7.6754986502412414,0,0.48,748
999,311.85417029183895,104.080931613041,3,3.5425497315751224,4.206839903229914,7.071512182707158,0,0.7,758
1000,315.7119359285319,103.62238024419568,1,2.0731840811473896,1.952024624322461,8.832285626654915,0,0.57,763
